category,url
rings,https://es.pandora.net/es/anillos/anillos/anillos-llamativos/anillo-corazon-de-madre-en-pave/191149C01.html
rings,https://es.pandora.net/es/anillos/anillos/anillos-dorados/medidor-de-anillos-pandora/P5091.html
rings,https://es.pandora.net/es/anillos/anillos/anillos-llamativos/anillo-corazon-nivelado-rojo-brillante/198421C02.html
rings,https://es.pandora.net/es/descubrir/destacados/cuidado-de-joyas-y-joyeros/pano-de-pulido-pandora-de-doble-cara/A001.html
rings,https://es.pandora.net/es/anillos/anillos/anillos-de-plata/anillo-entrelazados/190919CZ.html
rings,https://es.pandora.net/es/anillos/anillos/anillos-llamativos/anillo-hojas-baby-groot-guardianes-de-la-galaxia-de-marvel/192566C01.html
rings,https://es.pandora.net/es/anillos/anillos/anillos-llamativos/anillo-cruzado-triple-banda-en-pave/199057C01.html
rings,https://es.pandora.net/es/anillos/anillos/anillos-combinables/anillo-gemas-del-infinito-de-los-vengadores-de-marvel/160779C01.html
rings,https://es.pandora.net/es/anillos/anillos/anillos-combinables/anillo-solitario-brillante/190052C01.html
rings,https://es.pandora.net/es/anillos/anillos/anillos-llamativos/anillo-abierto-herbario-brillante/192611C01.html
rings,https://es.pandora.net/es/anillos/anillos/anillos-combinables/anillo-fila-triple-en-pave/192634C01.html
rings,https://es.pandora.net/es/anillos/anillos/anillos-combinables/anillo-corazon-solitario-rojo-inclinado/199267C01.html
rings,https://es.pandora.net/es/anillos/anillos/anillos-de-compromiso/anillo-nudo-infinito/198898C00.html
rings,https://es.pandora.net/es/anillos/anillos/anillos-combinables/anillo-pandora-me/199591C00.html
rings,https://es.pandora.net/es/anillos/anillos/anillos-de-plata/anillo-elegancia-atemporal/198863C01.html
rings,https://es.pandora.net/es/anillos/anillos/anillos-de-plata/anillo-en-plata-de-ley-deseo-reluciente/196316CZ.html
rings,https://es.pandora.net/es/anillos/anillos/anillos-llamativos/anillo-brillante-estrella-fugaz/192365C01.html
rings,https://es.pandora.net/es/anillos/anillos/anillos-combinables/anillo-purpura-impactante-de-pandora-me/199655C01.html
rings,https://es.pandora.net/es/anillos/anillos/anillos-combinables/anillo-fila-doble-en-pave/182629C01.html
rings,https://es.pandora.net/es/anillos/anillos/anillos-combinables/anillo-rosa-de-la-bella-y-la-bestia-de-disney/190017C01.html
rings,https://es.pandora.net/es/joyas/conector-de-anillos-pandora-me/191060C00.html
rings,https://es.pandora.net/es/anillos/anillos/anillos-combinables/anillo-pave-brillante-pandora-me/199679C01.html
rings,https://es.pandora.net/es/anillos/anillos/anillos-de-plata/anillo-en-plata-de-ley-elegancia-atemporal-azul/198863C02.html
rings,https://es.pandora.net/es/anillos/anillos/anillos-llamativos/anillo-corazon-brillante-elevado-rosa/188421C04.html
rings,https://es.pandora.net/es/anillos/anillos/anillos-combinables/anillo-verde-laser-de-pandora-me/199655C03.html
rings,https://es.pandora.net/es/anillos/anillos/anillos-de-plata/anillo-deseo-clasico-con-tiara/198282CZ.html
rings,https://es.pandora.net/es/ideas-de-regalo/ideas-de-regalo/conjuntos-de-regalos/conjunto-de-anillos-herbario-brillante/B801399.html
rings,https://es.pandora.net/es/anillos/anillos/anillos-combinables/anillo-eternity-brillante-azul/190050C02.html
rings,https://es.pandora.net/es/anillos/anillos/anillos-combinables/anillo-pave-brillante-pandora-me/189679C01.html
rings,https://es.pandora.net/es/anillos/anillos/anillos-combinables/anillo-dual-rojo-y-pave-de-pandora-me/192528C01.html
rings,https://es.pandora.net/es/anillos/anillos/anillos-combinables/anillo-dual-negro-y-pave-de-pandora-me/182528C01.html
rings,https://es.pandora.net/es/anillos/anillos/anillos-combinables/anillo-en-plata-de-ley-deseo-animado/197681.html
rings,https://es.pandora.net/es/anillos/anillos/anillos-combinables/anillo-en-plata-de-ley-tu-yo/196574CZRMX.html
rings,https://es.pandora.net/es/anillos/anillos/anillos-combinables/anillo-banda-de-estrellas-asimetricas/190029C00.html
rings,https://es.pandora.net/es/anillos/anillos/anillos-combinables/anillo-solitario-morado/189259C06.html
rings,https://es.pandora.net/es/anillos/anillos/anillos-llamativos/anillo-campanilla-brillante-de-disney/192516C01.html
rings,https://es.pandora.net/es/anillos/anillos/anillos-combinables/anillo-esmalte-negro-pandora-me/189655C01.html
rings,https://es.pandora.net/es/anillos/anillos/anillos-de-plata/anillo-en-plata-de-ley-corona-encantada/197087CZ.html
rings,https://es.pandora.net/es/anillos/anillos/anillos-oro-rosa/anillo-cruzado-triple-alianza-en-pave/189057C01.html
rings,https://es.pandora.net/es/anillos/anillos/anillos-combinables/anillo-corazon-doble-brillante/161198C01.html
rings,https://es.pandora.net/es/anillos/anillos/anillos-combinables/anillo-princesa-jasmine-de-aladdin-de-disney/192344C01.html
rings,https://es.pandora.net/es/anillos/anillos/anillos-llamativos/anillo-corazones-para-siempre/191023CZ.html
rings,https://es.pandora.net/es/anillos/anillos/anillos-combinables/anillo-triple-flor-pensamiento/190786C01.html
rings,https://es.pandora.net/es/anillos/anillos/anillos-combinables/anillo-herbario-brillante/182392C01.html
rings,https://es.pandora.net/es/anillos/anillos/anillos-de-plata/anillo-en-plata-de-ley-deseo-brillante/196314.html
rings,https://es.pandora.net/es/anillos/anillos/anillos-combinables/anillo-abierto-infinito-envuelto/188882C01.html
rings,https://es.pandora.net/es/anillos/anillos/anillos-combinables/anillo-en-plata-de-ley-corazon-deseo-brillante/199302C01.html
rings,https://es.pandora.net/es/anillos/anillos/anillos-combinables/anillo-corazon-solitario-transparente-inclinado/199267C02.html
rings,https://es.pandora.net/es/ideas-de-regalo/ocasiones-especiales/amigo-invisible/anillo-amor-entrelazado/190980.html
rings,https://es.pandora.net/es/anillos/anillos/anillos-de-plata/anillo-de-plata-de-ley/190615.html
rings,https://es.pandora.net/es/anillos/anillos/anillos-combinables/anillo-azul-electrico-de-pandora-me/199655C02.html
rings,https://es.pandora.net/es/anillos/anillos/anillos-llamativos/anillo-pandora-signature-logo-circulos-pave/192316C01.html
rings,https://es.pandora.net/es/anillos/anillos/anillos-combinables/anillo-solitario-corazon-transparente/198691C01.html
rings,https://es.pandora.net/es/anillos/anillos/anillos-de-plata/anillo-en-plata-de-ley-corazon-anudado/198086CZ.html
rings,https://es.pandora.net/es/anillos/anillos/anillos-llamativos/anillo-en-plata-de-ley-brillo-de-cuento-de-hadas/196242CZ.html
rings,https://es.pandora.net/es/anillos/anillos/anillos-combinables/anillo-corazon-deseo-brillante/169302C01.html
rings,https://es.pandora.net/es/joyas/joyas-elegantes/anillo-corazones-pandora/190963CZ.html
rings,https://es.pandora.net/es/anillos/anillos/anillos-combinables/anillo-esferas-agosto/198867C10.html
rings,https://es.pandora.net/es/anillos/anillos/anillos-combinables/anillo-gotas-brillantes/190945CZ.html
rings,https://es.pandora.net/es/anillos/anillos/anillos-combinables/anillo-herbario-brillante/192392C01.html
rings,https://es.pandora.net/es/anillos/anillos/anillos-de-plata/anillo-en-plata-de-ley-corazones-firma-pandora/197133.html
rings,https://es.pandora.net/es/anillos/anillos/anillos-llamativos/anillo-doble-halo-brillante/199408C01.html
rings,https://es.pandora.net/es/anillos/anillos/anillos-combinables/anillo-pandora-signature-i-d-pave/192283C01.html
rings,https://es.pandora.net/es/anillos/anillos/anillos-combinables/anillo-negro-en-pave-pandora-me/199679C02.html
rings,https://es.pandora.net/es/anillos/anillos/anillos-combinables/anillo-solitario-corona-brillante-rosa/188289C01.html
rings,https://es.pandora.net/es/anillos/anillos/anillos-llamativos/anillo-cruzado-triple-alianza-en-pave/169057C01.html
rings,https://es.pandora.net/es/anillos/anillos/anillos-llamativos/anillo-corazones/180963CZ.html
rings,https://es.pandora.net/es/anillos/anillos/anillos-llamativos/anillo-en-plata-de-ley-lagrima-radiante/196251CZ.html
rings,https://es.pandora.net/es/anillos/anillos/anillos-de-plata/anillo-en-plata-de-ley-corazones-anudados/198018.html
rings,https://es.pandora.net/es/anillos/anillos/anillos-llamativos/anillo-nudo-infinito/168898C00.html
rings,https://es.pandora.net/es/anillos/anillos/anillos-combinables/anillo-azul-en-pave-pandora-me/199679C03.html
rings,https://es.pandora.net/es/anillos/anillos/anillos-llamativos/anillo-alas-de-angel-brillante/198500C02.html
rings,https://es.pandora.net/es/anillos/anillos/anillos-llamativos/anillo-corazon-radiante-deslizante-dos-tonos/162504C00.html
rings,https://es.pandora.net/es/anillos/anillos/anillos-llamativos/anillo-corazon-en-relieve-azul-brillante/188421C01.html
rings,https://es.pandora.net/es/anillos/anillos/anillos-combinables/anillo-solitario-azul-claro/189259C02.html
rings,https://es.pandora.net/es/anillos/anillos/anillos-combinables/anillo-ola-brillante/192539C01.html
rings,https://es.pandora.net/es/anillos/anillos/anillos-llamativos/anillo-brillante-corazon-en-relieve/188421C02.html
rings,https://es.pandora.net/es/anillos/anillos/anillos-combinables/anillo-cabeza-brillante-minnie-mouse-de-disney/190074C01.html
rings,https://es.pandora.net/es/anillos/anillos/anillos-combinables/anillo-en--corazon-espumoso-brillante/189302C01.html
rings,https://es.pandora.net/es/anillos/anillos/anillos-combinables/anillo-fila-en-pave/192627C01.html
rings,https://es.pandora.net/es/anillos/anillos/anillos-combinables/anillo-solitario-estrella-brillante-celestial/190026C01.html
rings,https://es.pandora.net/es/anillos/anillos/anillos-llamativos/anillo-love-abierto-pandora-me/180077C00.html
rings,https://es.pandora.net/es/anillos/anillos/anillos-llamativos/anillo-de-tres-gemas-transparente/186242CZ.html
rings,https://es.pandora.net/es/colecciones/colecciones/pandora-moments/anillo-en-plata-de-ley-silueta-mickey/197508.html
rings,https://es.pandora.net/es/anillos/anillos/anillos-llamativos/anillo-en-plata-de-ley-corazones-girando-de-pandora/197404CZ.html
rings,https://es.pandora.net/es/joyas/anillo-triple-diseno-cadena-de-serpiente-en-pave/199083C01.html
rings,https://es.pandora.net/es/anillos/anillos/anillos-combinables/anillo-deseo-reluciente-azul/196316C02.html
rings,https://es.pandora.net/es/anillos/anillos/anillos-combinables/anillo-deseo-alterno-brillante/192390C01.html
rings,https://es.pandora.net/es/anillos/anillos/anillos-llamativos/anillo-de-compromiso-halo-brillante/190056C01.html
rings,https://es.pandora.net/es/ideas-de-regalo/ideas-de-regalo/conjuntos-de-regalos/conjunto-de-regalo-anillos-y-pave-brillante-pandora-me/B801284.html
rings,https://es.pandora.net/es/anillos/anillos/anillos-llamativos/anillo-de-esferas-luna-creciente/199156C01.html
rings,https://es.pandora.net/es/anillos/anillos/anillos-combinables/anillo-deseo-pave-flotante/192320C01.html
rings,https://es.pandora.net/es/anillos/anillos/anillos-combinables/anillo-esferas-octubre/198867C09.html
rings,https://es.pandora.net/es/anillos/anillos/anillos-combinables/anillo-eternity-brillante/190050C01.html
rings,https://es.pandora.net/es/anillos/anillos/anillos-combinables/anillo-esferas-abril/198867C04.html
rings,https://es.pandora.net/es/anillos/anillos/anillos-combinables/anillo-superpuesto-brillante/199491C01.html
rings,https://es.pandora.net/es/anillos/anillos/anillos-combinables/anillo-solitario-corazon-brillante/191165C01.html
rings,https://es.pandora.net/es/anillos/anillos/anillos-llamativos/anillo-sello-corazon-radiante-en-pave/192491C01.html
rings,https://es.pandora.net/es/anillos/anillos/anillos-combinables/anillo-esferas-septiembre/198867C12.html
rings,https://es.pandora.net/es/anillos/anillos/anillos-llamativos/anillo-hojas-brillantes/189533C01.html
rings,https://es.pandora.net/es/anillos/anillos/anillos-de-plata/anillo-corazon-en-relieve/198421C01.html
rings,https://es.pandora.net/es/ideas-de-regalo/ideas-de-regalo/conjuntos-de-regalos/conjunto-de-anillos-chapa-de-la-suerte-pandora-me/B801302.html
rings,https://es.pandora.net/es/anillos/anillos/anillos-llamativos/anillo-corazones-y-brillo/168655C01.html
rings,https://es.pandora.net/es/anillos/anillos/anillos-combinables/anillo-esferas-febrero/198867C03.html
rings,https://es.pandora.net/es/ideas-de-regalo/ideas-de-regalo-1/conjunto-de-regalo-anillos-deseo-reluciente/B801239.html
rings,https://es.pandora.net/es/anillos/anillos/anillos-llamativos/anillo-corona-azul-de-cenicienta-de-disney/199191C01.html
rings,https://es.pandora.net/es/anillos/anillos/anillos-de-plata/anillo-estrellas-celestiales/198492C01.html
rings,https://es.pandora.net/es/anillos/anillos/anillos-de-plata/anillo-abierto-cuadrado-brillante/198506C01.html
rings,https://es.pandora.net/es/anillos/anillos/anillos-combinables/anillo-solitario-rojo/189259C01.html
rings,https://es.pandora.net/es/anillos/anillos/anillos-combinables/anillo-pandora-me/169591C00.html
rings,https://es.pandora.net/es/anillos/anillos/anillos-combinables/anillo-esferas-de-noviembre/198867C11.html
rings,https://es.pandora.net/es/anillos/anillos/anillos-combinables/anillo-esferas-marzo/198867C01.html
rings,https://es.pandora.net/es/anillos/anillos/anillos-llamativos/anillo-vintage-tres-piedras/180057C01.html
rings,https://es.pandora.net/es/anillos/anillos/anillos-combinables/anillo-halo-rectangular-brillante/192391C01.html
rings,https://es.pandora.net/es/joyas-para-cada-dia/anillo-brillo-infinito/190994.html
rings,https://es.pandora.net/es/anillos/anillos/anillos-llamativos/anillo-deseo-clasico-resplandeciente/168758C01.html
rings,https://es.pandora.net/es/anillos/anillos/anillos-combinables/anillo-pandora-signature-i-d-pave/182283C01.html
rings,https://es.pandora.net/es/anillos/anillos/anillos-combinables/anillo-solitario-corona-brillante-transparente/168289C01.html
rings,https://es.pandora.net/es/anillos/anillos/anillos-combinables/anillo-tiara-real-remolino/192232C01.html
rings,https://es.pandora.net/es/anillos/anillos/anillos-combinables/anillo-deseo-mitad-brillante/192394C01.html
rings,https://es.pandora.net/es/anillos/anillos/anillos-combinables/anillo-ola-brillante/182539C01.html
rings,https://es.pandora.net/es/anillos/anillos/anillos-combinables/anillo-flor-pensamiento-morado/180764C01.html
rings,https://es.pandora.net/es/anillos/anillos/anillos-combinables/anillo-corona-de-margaritas-brillantes/198799C01.html
rings,https://es.pandora.net/es/ideas-de-regalo/ideas-de-regalo/conjuntos-de-regalos/conjunto-de-anillos-alas-de-angel/B801297.html
rings,https://es.pandora.net/es/anillos/anillos/anillos-combinables/anillo-en-plata-de-ley-silueta-minnie/197509CZ.html
rings,https://es.pandora.net/es/anillos/anillos/anillos-llamativos/anillo--banda-de-margaritas-brillantes/180934CZ.html
rings,https://es.pandora.net/es/ideas-de-regalo/ideas-de-regalo-1/conjunto-de-regalo-anillo-y-pendientes-circulo-familiar/B801238.html
rings,https://es.pandora.net/es/anillos/anillos/anillos-llamativos/anillo-doble-deseo-brillante/199095C01.html
rings,https://es.pandora.net/es/anillos/anillos/anillos-llamativos/anillo-angel-abierto-pandora-me/190105C00.html
rings,https://es.pandora.net/es/anillos/anillos/anillos-combinables/anillo-halo-redondo-brillante/161234C01.html
rings,https://es.pandora.net/es/anillos/anillos/anillos-combinables/anillo-logotipo-y-corazones/189482C01.html
rings,https://es.pandora.net/es/ideas-de-regalo/ideas-de-regalo/conjuntos-de-regalos/conjunto-de-regalo-anillos-y-conector-impactante-pandora-me/B801283.html
rings,https://es.pandora.net/es/ideas-de-regalo/ideas-de-regalo/conjuntos-de-regalos/conjunto-de-anillos-halo-brillante/B801397.html
rings,https://es.pandora.net/es/anillos/anillos/anillos-llamativos/anillo-giro-del-destino/180892CZ.html
rings,https://es.pandora.net/es/anillos/anillos/anillos-combinables/anillo-superpuesto-brillante/169491C01.html
rings,https://es.pandora.net/es/anillos/anillos/anillos-combinables/anillo-alianza-de-corazones/180177.html
rings,https://es.pandora.net/es/anillos/anillos/anillos-combinables/anillo-alianza-concha-brillante/188946C01.html
rings,https://es.pandora.net/es/ideas-de-regalo/ideas-de-regalo/conjuntos-de-regalos/conjunto-de-anillos-corazon-deseo-brillante/B801303.html
rings,https://es.pandora.net/es/anillos/anillos/anillos-llamativos/anillo-en-plata-de-primera-ley-flecha-brillante/197830CZ.html
rings,https://es.pandora.net/es/anillos/anillos/anillos-combinables/anillo-pandora-me/149591C00.html
rings,https://es.pandora.net/es/anillos/anillos/anillos-combinables/anillo-tiara-deseo/167736C01.html
rings,https://es.pandora.net/es/anillos/anillos/anillos-de-plata/anillo-elegancia-clasica/198864C01.html
rings,https://es.pandora.net/es/anillos/anillos/anillos-llamativos/anillo-trio-de-margaritas-rosas/188792C01.html
rings,https://es.pandora.net/es/anillos/anillos/anillos-combinables/anillo-esferas-junio/198867C06.html
rings,https://es.pandora.net/es/anillos/anillos/anillos-combinables/anillo-esferas-mayo/198867C05.html
rings,https://es.pandora.net/es/anillos/anillos/anillos-de-plata/anillo-corona-resplandor-transparente/198289CZ.html
rings,https://es.pandora.net/es/anillos/anillos/anillos-combinables/anillo-eternity-brillante/160050C01.html
rings,https://es.pandora.net/es/anillos/anillos/anillos-combinables/anillo-tiara-real-de-cuentas/192233C01.html
rings,https://es.pandora.net/es/anillos/anillos/anillos-combinables/anillo-tiara-real-remolino/162232C01.html
rings,https://es.pandora.net/es/anillos/anillos/anillos-combinables/anillo-solitario-rosa/189259C03.html
rings,https://es.pandora.net/es/anillos/anillos/anillos-de-plata/anillo-alas-de-angel-brillantes/198500C01.html
rings,https://es.pandora.net/es/anillos/anillos/anillos-combinables/anillo-fila-en-pave/162627C01.html
rings,https://es.pandora.net/es/anillos/anillos/anillos-combinables/anillo-deseo-clasico-pulido/186314.html
rings,https://es.pandora.net/es/anillos/anillos/anillos-combinables/anillo-en-plata-de-primera-ley-deseo-clasico/197790CZ.html
rings,https://es.pandora.net/es/anillos/anillos/anillos-combinables/anillo-corazones-radiantes-brillantes/192496C01.html
rings,https://es.pandora.net/es/anillos/anillos/anillos-combinables/anillo-triple-alianza-en-pave/199040C01.html
rings,https://es.pandora.net/es/anillos/anillos/anillos-llamativos/anillo-corona-resplandor-transparente/168654C01.html
rings,https://es.pandora.net/es/anillos/anillos/anillos-combinables/anillo-doble-corazon-brillante/191198C01.html
rings,https://es.pandora.net/es/anillos/anillos/anillos-combinables/anillo-corazon-a-mano-alzada/180092C00.html
rings,https://es.pandora.net/es/anillos/anillos/anillos-llamativos/anillo-elegancia-atemporal/188862C01.html
rings,https://es.pandora.net/es/anillos/anillos/anillos-de-plata/anillo-elegancia-radiante/190986CZ.html
rings,https://es.pandora.net/es/anillos/anillos/anillos-combinables/anillo-corazones-abiertos/198696C00.html
rings,https://es.pandora.net/es/anillos/anillos/anillos-llamativos/anillo-deseo-clasico-pulido/168742C00.html
rings,https://es.pandora.net/es/anillos/anillos/anillos-de-plata/anillo-en-plata-de-ley-deseo-deslumbrante/196315.html
rings,https://es.pandora.net/es/anillos/anillos/anillos-combinables/anillo-pandora-me/189591C00.html
rings,https://es.pandora.net/es/anillos/anillos/anillos-llamativos/anillo-elegancia-radiante/180986CZ.html
rings,https://es.pandora.net/es/anillos/anillos/anillos-llamativos/anillo-entrelazados/180919CZ.html
rings,https://es.pandora.net/es/anillos/anillos/anillos-llamativos/anillo-tiara-de-mi-princesa/180880CZ.html
rings,https://es.pandora.net/es/anillos/anillos/anillos-llamativos/anillo-corona-brillante-rosa/187087NPO.html
rings,https://es.pandora.net/es/anillos/anillos/anillos-combinables/anillo-gotas-brillantes/180945CZ.html
rings,https://es.pandora.net/es/anillos/anillos/anillos-llamativos/anillo-elegancia-clasica/188861C01.html
rings,https://es.pandora.net/es/anillos/anillos/anillos-combinables/anillo-doble-deseo-brillante/189095C01.html
rings,https://es.pandora.net/es/anillos/anillos/anillos-llamativos/anillo-alianza-triple-brillante/189400C01.html
rings,https://es.pandora.net/es/anillos/anillos/anillos-combinables/anillo-margaritas-deslumbrantes/190934CZ.html
rings,https://es.pandora.net/es/anillos/anillos/anillos-llamativos/anillo-circulo-de-corazones/191039CZ.html
rings,https://es.pandora.net/es/anillos/anillos/anillos-llamativos/anillo-en-plata-de-ley-elegancia-clasica/196250CZ.html
rings,https://es.pandora.net/es/anillos/anillos/anillo-esferas-julio/198867C02.html
rings,https://es.pandora.net/es/anillos/anillos/anillos-combinables/anillo-esferas-enero/198867C08.html
rings,https://es.pandora.net/es/anillos/anillos/anillos-combinables/anillo-esferas-diciembre/198867C07.html
rings,https://es.pandora.net/es/anillos/anillos/anillos-combinables/anillo-superpuesto-brillante/189491C01.html
rings,https://es.pandora.net/es/anillos/anillos/anillos-combinables/anillo-en-plata-de-ley-logo-y-corazones/199482C01.html
rings,https://es.pandora.net/es/anillos/anillos/anillos-llamativos/anillo-en-plata-de-ley-hojas-brillantes/199533C01.html
rings,https://es.pandora.net/es/anillos/anillos/anillos-combinables/anillo-eternity-brillante/180050C01.html
rings,https://es.pandora.net/es/anillos/anillos/anillos-llamativos/anillo-corazon-brillante-elevado-verde/188421C03.html
rings,https://es.pandora.net/es/anillos/anillos/anillos-llamativos/anillo-vintage-tres-piedras/190049C01.html
rings,https://es.pandora.net/es/anillos/anillos/anillos-combinables/anillo-deseo-reluciente-rosa/186316C02.html
rings,https://es.pandora.net/es/anillos/anillos/anillos-llamativos/anillo-triple-alianza-brillante/199400C01.html
rings,https://es.pandora.net/es/anillos/anillos/conector-de-anillos-pandora-me/181060C00.html
rings,https://es.pandora.net/es/anillos/anillos/anillos-combinables/anillo-pandora-signature-i-d/152230C00.html
rings,https://es.pandora.net/es/anillos/anillos/anillos-combinables/anillo-deseo-mitad-brillante/182394C01.html
rings,https://es.pandora.net/es/anillos/anillos/anillos-combinables/anillo-tiara-real-remolino/182232C01.html
rings,https://es.pandora.net/es/anillos/anillos/anillos-llamativos/anillo-pandora-signature-logo-pave-y-cuentas/192312C01.html
rings,https://es.pandora.net/es/anillos/anillos/anillos-combinables/anillo-deseo-pave-flotante/182320C01.html
rings,https://es.pandora.net/es/anillos/anillos/anillos-llamativos/anillo-brillante-tres-gemas-azules-rectangulares/192389C01.html
rings,https://es.pandora.net/es/anillos/anillos/anillos-combinables/anillo-barras-rectangulares-brillantes-en-pave/192397C01.html
rings,https://es.pandora.net/es/anillos/anillos/anillos-combinables/anillo-corazon-radiante/182495C01.html
rings,https://es.pandora.net/es/anillos/anillos/anillos-combinables/anillo-solitario-verde/189259C05.html
rings,https://es.pandora.net/es/anillos/anillos/anillos-combinables/anillo-solitario-azul-estelar/189259C04.html
rings,https://es.pandora.net/es/anillos/anillos/anillos-combinables/anillo-barra-brillante-combinable/199041C01.html
rings,https://es.pandora.net/es/anillos/anillos/anillos-combinables/anillo-deseo-gota-brillante/199109C01.html
rings,https://es.pandora.net/es/ideas-de-regalo/ideas-de-regalo/conjuntos-de-regalos/conjunto-conecta-tus-anillos-azul-plateado-pandora-me/B801067.html
rings,https://es.pandora.net/es/ideas-de-regalo/ideas-de-regalo-1/conjunto-de-regalo-anillo-y-pendientes-doble-corazon-brillante/B801237.html
rings,https://es.pandora.net/es/ideas-de-regalo/ideas-de-regalo/conjuntos-de-regalos/conjunto-de-anillos-punk-rock-angel-pandora-me/B801295.html
rings,https://es.pandora.net/es/ideas-de-regalo/ideas-de-regalo/conjuntos-de-regalos/conjunto-de-anillos-luna-y-estrellas/B801298.html
rings,https://es.pandora.net/es/ideas-de-regalo/ideas-de-regalo/conjuntos-de-regalos/conjunto-de-anillos-pandora-signature-i-d-pave/B801333.html
rings,https://es.pandora.net/es/ideas-de-regalo/ideas-de-regalo/conjuntos-de-regalos/conjunto-de-anillos-rectangular-brillantes/B801398.html
rings,https://es.pandora.net/es/anillos/anillos/anillos-de-compromiso/anillo-en-plata-de-ley-lagrima-radiante/196251CZ-48.html
rings,https://es.pandora.net/es/ideas-de-regalo/ideas-de-regalo/conjuntos-de-regalos/conjunto-de-anillos-pandora-signature-y-tiara-real/B801334.html
rings,https://es.pandora.net/es/ideas-de-regalo/ideas-de-regalo-1/conjunto-de-regalo-pendientes-y-anillo-gemas-del-infinito-los-vengadores-de-marvel/B801453.html
rings,https://es.pandora.net/es/ideas-de-regalo/ideas-de-regalo/conjuntos-de-regalos/conjunto-de-anillos-deseo/B801296.html
rings,https://es.pandora.net/es/ideas-de-regalo/ideas-de-regalo/conjuntos-de-regalos/conjunto-de-anillos-superpuesto-brillante/B801301.html
rings,https://es.pandora.net/es/ideas-de-regalo/ideas-de-regalo/conjuntos-de-regalos/conjunto-de-anillos-pandora-signature/B801305.html
rings,https://es.pandora.net/es/ideas-de-regalo/ideas-de-regalo/conjuntos-de-regalos/conjunto-de-anillos-celestial/B801400.html
rings,https://es.pandora.net/es/ideas-de-regalo/ideas-de-regalo/conjuntos-de-regalos/conjunto-de-regalo-anillos-dual-negro-y-rojo-pandora-me/B801438.html
rings,https://es.pandora.net/es/ideas-de-regalo/ideas-de-regalo/conjuntos-de-regalos/conjunto-conecta-tus-anillos-pave-brillante-pandora-me/B801069.html
rings,https://es.pandora.net/es/ideas-de-regalo/ideas-de-regalo/conjuntos-de-regalos/conjunto-de-anillos-corona-deseo-reluciente/B801299.html
rings,https://es.pandora.net/es/ideas-de-regalo/ideas-de-regalo/conjuntos-de-regalos/conjunto-de-anillos-deseo/B801306.html
rings,https://es.pandora.net/es/ideas-de-regalo/ideas-de-regalo/conjuntos-de-regalos/conjunto-de-anillos-amor-pandora-me/B801293.html
rings,https://es.pandora.net/es/ideas-de-regalo/ideas-de-regalo/conjuntos-de-regalos/conjunto-conecta-tus-anillos-morado-rosado-pandora-me/B801068.html
rings,https://es.pandora.net/es/ideas-de-regalo/ideas-de-regalo-1/conjunto-de-regalo-pendientes-y-anillo-rosados/B801240.html
rings,https://es.pandora.net/es/ideas-de-regalo/ideas-de-regalo/conjuntos-de-regalos/conjunto-de-anillos-corona-y-corazon-brillantes/B801304.html
rings,https://es.pandora.net/es/ideas-de-regalo/ideas-de-regalo/conjuntos-de-regalos/conjunto-de-anillos-lagrima-y-deseo-reluciente/B801300.html
rings,https://es.pandora.net/es/ideas-de-regalo/ideas-de-regalo/conjuntos-de-regalos/conjunto-de-anillos-flor-de-pensamiento-morado/B801294.html
rings,https://es.pandora.net/es/ideas-de-regalo/ideas-de-regalo-1/conjunto-de-regalo-anillo-y-pulsera-corazon-de-madre/B801225.html
rings,https://es.pandora.net/es/ideas-de-regalo/ideas-de-regalo/conjuntos-de-regalos/conjunto-de-regalo-anillos-ola-brillante/B801445.html
rings,https://es.pandora.net/es/anillos/anillos/anillos-llamativos/anillo-doble-copo-de-nieve-brillante/199236C01.html
rings,https://es.pandora.net/es/anillos/anillos/anillos-llamativos/anillo-vibes-abierto-pandora-me/181986C00.html
rings,https://es.pandora.net/es/anillos/anillos/anillos-llamativos/anillo-goals-abierto-pandora-me/191893C00.html
rings,https://es.pandora.net/es/anillos/anillos/anillos-combinables/anillo-banda-concha-marina/198943C00.html
rings,https://es.pandora.net/es/anillo-en-plata-de-ley-barrel/190856.html
rings,https://es.pandora.net/es/colecciones/colecciones/pandora-moments/anillo-en-mariposas-brillantes/168722C01.html
rings,https://es.pandora.net/es/colecciones/colecciones/pandora-moments/anillo-en-corona-de-flores/168723C01.html
rings,https://es.pandora.net/es/anillos/anillos/anillos-combinables/anillo-boceto-de-corazones/188696C00.html
rings,https://es.pandora.net/es/anillos/anillos/anillos-combinables/anillo-corona-de-margaritas-brillantes/188799C01.html
rings,https://es.pandora.net/es/anillos/anillos/anillos-de-plata/anillo-cuadrado-brillante/198420C01.html
rings,https://es.pandora.net/es/anillos/anillos/anillos-combinables/anillo-corazon-de-centro-dorado/199396C00.html
rings,https://es.pandora.net/es/anillos/anillos/anillos-llamativos/anillo-triple-espiral/180051C01.html
rings,https://es.pandora.net/es/anillos/anillos/anillos-combinables/anillo-deseo-clasico-resplandeciente/186316CZ.html
rings,https://es.pandora.net/es/anillos/anillos/anillos-combinables/anillo-ola-asimetrica-brillante/192543C01.html
rings,https://es.pandora.net/es/anillos/anillos/anillos-combinables/anillo-en-pave-pandora-me/169679C01.html
rings,https://es.pandora.net/es/anillos/anillos/anillos-combinables/anillo-rojo-en-pave-pandora-me/189679C02.html
rings,https://es.pandora.net/es/anillos/anillos/anillos-combinables/anillo-ola-brillante/162539C01.html
rings,https://es.pandora.net/es/anillos/anillos/anillos-combinables/anillo-estrellas-celestiales/162333C01.html
earrings,https://es.pandora.net/es/pendientes/pendientes/pendientes-de-aro/pendientes-de-aro-pandora-moments-para-charm/299532C00.html
earrings,https://es.pandora.net/es/ideas-de-regalo/ideas-de-regalo/conjuntos-de-regalos/conjunto-de-regalo-corazon-infinito-brillante/B801471.html
earrings,https://es.pandora.net/es/pendientes/pendientes/pendientes-de-boton/pendientes-de-boton-corazon-infinito-brillante/292667C01.html
earrings,https://es.pandora.net/es/ideas-de-regalo/ideas-de-regalo/conjuntos-de-regalos/conjunto-de-regalo-collar-y-pendientes-corazon-rojo/B801432.html
earrings,https://es.pandora.net/es/ideas-de-regalo/ideas-de-regalo/conjuntos-de-regalos/conjunto-de-joyeria-circulos-de-familia-para-siempre/B801213.html
earrings,https://es.pandora.net/es/pendientes/pendientes/pendientes-de-boton/pendientes-de-boton-circulo-familiar-siempre/291076C01.html
earrings,https://es.pandora.net/es/pendientes/pendientes/pendientes-de-aro/pendientes-de-aro-circulo-familiar-siempre/291156C01.html
earrings,https://es.pandora.net/es/pendientes/pendientes/pendientes-de-aro/pendientes-perlas-contemporaneas/299426C01.html
earrings,https://es.pandora.net/es/pendientes/pendientes/pendientes-de-boton/pendientes-de-boton-amor-mama/292669C00.html
earrings,https://es.pandora.net/es/ideas-de-regalo/ideas-de-regalo/conjuntos-de-regalos/conjunto-de-regalo-corazones-brillantes-de-pandora/B801032.html
earrings,https://es.pandora.net/es/pendientes/pendientes/pendientes-de-boton/pendientes-de-boton-corazon-rojo/292549C01.html
earrings,https://es.pandora.net/es/pendientes/pendientes/pendientes-de-boton/pendientes-de-boton-circulo-eternity-junio/292335C03.html
earrings,https://es.pandora.net/es/pendientes/pendientes/pendientes-de-aro/pendientes-con-cuadrado-brillante/298503C01.html
earrings,https://es.pandora.net/es/pendientes/pendientes/pendientes-de-aro/pendientes-en-plata-de-ley-plumas-espirituales/297205EN168.html
earrings,https://es.pandora.net/es/pendientes/pendientes/pendientes-de-aro/pendientes-de-aro-fila-doble-en-pave/282622C01.html
earrings,https://es.pandora.net/es/pendientes/pendientes/pendientes-de-boton/pendientes-de-boton-siluetas-de-mickey-y-minnie-mouse-de-disney/299258C01.html
earrings,https://es.pandora.net/es/pendientes/pendientes/pendientes-de-boton/pendientes-de-boton-halo-brillante/290040C01.html
earrings,https://es.pandora.net/es/pendientes/pendientes/pendientes-de-aro/pendientes-de-aro-corazon-asimetricos/298307C00.html
earrings,https://es.pandora.net/es/pendientes/pendientes/pendientes-de-boton/pendientes-de-boton-herbario-brillante/292633C01.html
earrings,https://es.pandora.net/es/ideas-de-regalo/ideas-de-regalo/conjuntos-de-regalos/conjunto-de-regalo-collar-y-pendientes-flor-pensamiento-azul/B801455.html
earrings,https://es.pandora.net/es/pendientes/pendientes/pendientes-de-aro/pendientes-aro-en-plata-de-primera-ley-corazones-de-amor-asimetricos/297822.html
earrings,https://es.pandora.net/es/pendientes/pendientes/pendientes-de-boton/pendientes-siempre-pandora/290585CZ.html
earrings,https://es.pandora.net/es/pendientes/pendientes/pendientes-de-aro/pendientes-de-aro-mariposa-azul/290778C01.html
earrings,https://es.pandora.net/es/pendientes/pendientes/pendientes-de-boton/pendientes-de-boton-circulo-eternity-mayo/292334C08.html
earrings,https://es.pandora.net/es/pendientes/pendientes/pendientes-de-aro/pendientes-de-aro-circulo-rojo-brillante/292379C01.html
earrings,https://es.pandora.net/es/pendientes/pendientes/pendientes-de-aro/pendientes-de-aro%C2%A0gemas-del-infinito-los-vengadores-de-marvel/262567C01.html
earrings,https://es.pandora.net/es/pendientes/pendientes/pendientes-de-boton/pendientes-brillo-estelar/290597CZ.html
earrings,https://es.pandora.net/es/pendientes/pendientes/pendientes-de-boton/pendientes-de-boton-flor-pensamiento-morado/280781C01.html
earrings,https://es.pandora.net/es/joyas-para-cada-dia/pendiente-de-boton-luna-pandora-me/298534C01.html
earrings,https://es.pandora.net/es/pendientes/pendientes/pendientes-de-boton/pendientes-de-boton-pandora-signature-logo-circulos/282314C01.html
earrings,https://es.pandora.net/es/pendientes/pendientes/pendientes-de-aro/pendientes-de-aro-flor-pensamiento-azul/290775C01.html
earrings,https://es.pandora.net/es/ideas-de-regalo/ideas-de-regalo/conjuntos-de-regalos/conjunto-de-regalo-arbol-de-la-vida/B801470.html
earrings,https://es.pandora.net/es/joyas-para-cada-dia/pendiente-de-boton-corazones-encadenados-pandora-me/298543C00.html
earrings,https://es.pandora.net/es/pendientes/pendientes/pendientes-de-aro/pendientes-de-aro-logo/299056C01.html
earrings,https://es.pandora.net/es/pendientes/pendientes/pendientes-de-boton/pendientes-de-boton-corona-o-brillante/298295.html
earrings,https://es.pandora.net/es/pendientes/pendientes/pendientes-de-boton/pendientes-ramo-de-margaritas-deslumbrantes/290744CZ.html
earrings,https://es.pandora.net/es/pendientes/pendientes/pendientes-de-boton/pendientes-de-boton-corona-brillante-azul/288311C01.html
earrings,https://es.pandora.net/es/pendientes/pendientes/pendientes-de-boton/pendientes-de-boton-golondrina-brillante/292568C01.html
earrings,https://es.pandora.net/es/pendientes/pendientes/pendientes-de-aro/pendientes-de-aro-pandora-moments-corazon-para-charm/292236C00.html
earrings,https://es.pandora.net/es/pendientes/pendientes/pendientes-de-boton/pendientes-de-boton-circulo-eternity-marzo/292334C09.html
earrings,https://es.pandora.net/es/ideas-de-regalo/ideas-de-regalo/conjuntos-de-regalos/conjunto-de-regalo-herbario/B801472.html
earrings,https://es.pandora.net/es/pendientes/pendientes/pendientes-de-boton/pendientes-de-boton-halo-redondo-brillante/261248C01.html
earrings,https://es.pandora.net/es/joyas-para-cada-dia/pendiente-de-boton-estrella-fugaz-pandora-me/298549C01.html
earrings,https://es.pandora.net/es/pendientes/pendientes/pendientes-de-aro/pendientes-doble-aro-brillantes/289052C01.html
earrings,https://es.pandora.net/es/pendientes/pendientes/pendientes-de-boton/pendientes-brillante-infinito/298820C01.html
earrings,https://es.pandora.net/es/pendientes/pendientes/pendientes-de-boton/pendientes-de-boton-copo-de-nieve-brillante/292370C01.html
earrings,https://es.pandora.net/es/ideas-de-regalo/ideas-de-regalo/conjuntos-de-regalos/conjunto-de-regalo-corazon-infinito-eterno/B801484.html
earrings,https://es.pandora.net/es/pendientes/pendientes/pendientes-de-aro/pendientes-de-aro-fila-en-pave/292624C01.html
earrings,https://es.pandora.net/es/pendientes/pendientes/pendientes-de-aro/pendientes-de-aro-pandora-moments-doble-para-charm/299562C00.html
earrings,https://es.pandora.net/es/ideas-de-regalo/ideas-de-regalo/conjuntos-de-regalos/conjunto-de-regalo-circulo-y-cuadrado-brillantes/B801086.html
earrings,https://es.pandora.net/es/pendientes/pendientes/pendientes-de-boton/pendientes-en-plata-de-ley-coronas-encantadas/297127CZ.html
earrings,https://es.pandora.net/es/pendientes/pendientes/pendientes-de-boton/pendientes-de-boton-estrella-asimetrica/292415C01.html
earrings,https://es.pandora.net/es/pendientes/pendientes/pendientes-de-boton/pendientes-de-boton-estrellas-celestiales-brillantes/290023C01.html
earrings,https://es.pandora.net/es/pendientes/pendientes/pendientes-de-aro/pendiente-link-ovalado-pandora-me/299664C00.html
earrings,https://es.pandora.net/es/ideas-de-regalo/ideas-de-regalo/conjuntos-de-regalos/conjunto-de-regalo-collar-pendientes-y-anillo-corazon-rojo/B801483.html
earrings,https://es.pandora.net/es/pendientes/pendientes/pendientes-de-boton/pendientes-de-boton-corazon-de-centro-dorado/299389C00.html
earrings,https://es.pandora.net/es/ideas-de-regalo/ideas-de-regalo/conjuntos-de-regalos/conjunto-de-joyeria-doble-corazon-brillante/B801214.html
earrings,https://es.pandora.net/es/pendientes/pendientes/pendientes-de-boton/pendientes-de-boton-pluma-curvada-flotante/282574C01.html
earrings,https://es.pandora.net/es/pendientes/pendientes/pendientes-de-boton/pendientes-de-boton-trio-de-margaritas/298876C01.html
earrings,https://es.pandora.net/es/pendientes/pendientes/pendientes-de-boton/pendientes-de-boton-corazon-radiante-y-gema-flotante/292500C01.html
earrings,https://es.pandora.net/es/pendientes/pendientes/pendientes-de-boton/pendientes-de-boton-estrella-fugaz-en-pave/262375C01.html
earrings,https://es.pandora.net/es/pendientes/pendientes/pendientes-de-aro/pendientes-de-aro-corazon-a-mano-alzada-brillante/280090C01.html
earrings,https://es.pandora.net/es/pendientes/pendientes/pendientes-de-aro/pendientes-logo-pandora/290558CZ.html
earrings,https://es.pandora.net/es/pendientes/pendientes/pendientes-de-aro/pendientes-de-aro-de-esferas-luna-creciente-y-estrellas/299152C01.html
earrings,https://es.pandora.net/es/pendientes/pendientes/pendientes-de-boton/pendientes-de-boton-circulo-eternity-febrero/292334C02.html
earrings,https://es.pandora.net/es/pendientes/pendientes/pendientes-de-boton/pendientes-logo-pandora/290559CZ.html
earrings,https://es.pandora.net/es/pendientes/pendientes/pendientes-de-boton/pendientes-de-boton-fila-en-pave/262626C01.html
earrings,https://es.pandora.net/es/pendientes/pendientes/pendientes-de-aro/pendientes-de-aro-en-plata-de-ley-corazones-de-pandora-grandes/296319CZ.html
earrings,https://es.pandora.net/es/pendientes/pendientes/pendientes-de-boton/pendientes-elegancia-brillantes/290725CZ.html
earrings,https://es.pandora.net/es/pendientes/pendientes/pendientes-de-boton/pendientes-de-boton-flor-pensamiento-azul/290781C01.html
earrings,https://es.pandora.net/es/pendientes/pendientes/pendientes-de-boton/pendientes-de-boton-estrellas-asimetricas-brillantes/290012C01.html
earrings,https://es.pandora.net/es/pendientes/pendientes/pendientes-de-boton/pendientes-elegancia-atemporal/290591CZ.html
earrings,https://es.pandora.net/es/pendientes/pendientes/pendientes-de-aro/pendientes-aro-solitario-azul-claro/289304C02.html
earrings,https://es.pandora.net/es/pendientes/pendientes/pendientes-de-aro/pendientes-de-aro-en-pave/288294CZ.html
earrings,https://es.pandora.net/es/pendientes/pendientes/pendientes-de-boton/pendientes-de-boton-circulo-eternity-octubre/292334C05.html
earrings,https://es.pandora.net/es/pendientes/pendientes/pendientes-de-aro/pendientes-de-aro-doble-brillantes/299052C01.html
earrings,https://es.pandora.net/es/ideas-de-regalo/ideas-de-regalo/conjuntos-de-regalos/conjunto-pendiente-corazon-de-vida-pandora-me/B801058.html
earrings,https://es.pandora.net/es/pendientes/pendientes/pendientes-de-aro/pendientes-de-aro-ola-brillante/292545C01.html
earrings,https://es.pandora.net/es/ideas-de-regalo/ideas-de-regalo/conjuntos-de-regalos/conjunto-de-regalo-collar-y-pendientes-pluma-curvada/B801454.html
earrings,https://es.pandora.net/es/pendientes/pendientes/pendientes-de-aro/pendientes-de-aro-doble-banda-en-pave/290058C01.html
earrings,https://es.pandora.net/es/pendientes/pendientes/pendientes-de-aro/pendientes-de-aro-corazon-asimetrico/288307.html
earrings,https://es.pandora.net/es/pendientes/pendientes/pendientes-de-aro/pendientes-de-aro-barras-brillantes-en-pave/290043C01.html
earrings,https://es.pandora.net/es/ideas-de-regalo/ideas-de-regalo/conjuntos-de-regalos/conjunto-de-regalo-collar-y-pendientes-infinito-brillante/B801341.html
earrings,https://es.pandora.net/es/pendientes/pendientes/pendientes-de-boton/pendientes-de-boton-corona-resplandor-transparente/298311CZ.html
earrings,https://es.pandora.net/es/pendientes/pendientes/pendientes-de-boton/pendientes-de-boton-circulo-eternity-agosto/292334C03.html
earrings,https://es.pandora.net/es/ideas-de-regalo/ideas-de-regalo/conjuntos-de-regalos/conjunto-de-regalo-anillo-y-pendientes-corona-resplandor/B801486.html
earrings,https://es.pandora.net/es/ideas-de-regalo/ideas-de-regalo/conjuntos-de-regalos/conjunto-de-regalo-halo-brillante/B801087.html
earrings,https://es.pandora.net/es/pendientes/pendientes/pendientes-de-aro/pendiente-link-en-pave-pandora-me/299682C01.html
earrings,https://es.pandora.net/es/pendientes/pendientes/pendientes-de-boton/pendientes-alas-de-angel-brillantes/298501C01.html
earrings,https://es.pandora.net/es/pendientes/pendientes/pendientes-de-boton/pendientes-de-boton-circulo-eternity-septiembre/292334C07.html
earrings,https://es.pandora.net/es/ideas-de-regalo/ideas-de-regalo/conjuntos-de-regalos/-conjunto-de-regalo-collar-y-pendientes-flor-pensamiento-azul./B801171.html
earrings,https://es.pandora.net/es/ideas-de-regalo/ideas-de-regalo/conjuntos-de-regalos/conjunto-de-regalo-collar-y-pendientes-corazon-radiante-y-gema-flotante/B801431.html
earrings,https://es.pandora.net/es/pendientes/pendientes/pendientes-de-boton/pendientes-de-boton-circulo-eternity-diciembre/292335C02.html
earrings,https://es.pandora.net/es/pendientes/pendientes/pendientes-de-boton/pendientes-de-boton-doble-corazon-brillante/291199C01.html
earrings,https://es.pandora.net/es/pendientes/pendientes/pendientes-de-boton/pendientes-de-boton-reversibles-circulo-en-pave-logo/299486C01.html
earrings,https://es.pandora.net/es/pendientes/pendientes/pendientes-de-boton/pendientes-de-boton-herbario-brillante/282407C01.html
earrings,https://es.pandora.net/es/ideas-de-regalo/ocasiones-especiales/graduaciones/pendientes-de-boton-margarita-rosa/288773C01.html
earrings,https://es.pandora.net/es/pendientes/pendientes/pendientes-de-aro/pendientes-de-aro-corazones-de-pandora/286318CZ.html
earrings,https://es.pandora.net/es/ideas-de-regalo/ideas-de-regalo-1/conjunto-de-regalo-anillo-y-pendientes-circulo-familiar/B801238.html
earrings,https://es.pandora.net/es/ideas-de-regalo/ideas-de-regalo/conjuntos-de-regalos/conjunto-de-regalo-collar-y-pendientes-corazones-de-pandora/B801342.html
earrings,https://es.pandora.net/es/pendientes/pendientes/pendientes-de-aro/pendientes-de-aro-en-plata-de-ley-corazones-de-pandora-pequenos/296317CZ.html
earrings,https://es.pandora.net/es/pendientes/pendientes/pendientes-de-boton/pendientes-pandora-elegancia-clasica/286272CZ.html
earrings,https://es.pandora.net/es/pendientes/pendientes/pendientes-de-boton/pendientes-de-boton-brillante-copo-de-nieve/299239C01.html
earrings,https://es.pandora.net/es/pendientes/pendientes/pendientes-de-boton/pendientes-de-boton-corazon-brillante-en-relieve/288427C01.html
earrings,https://es.pandora.net/es/pendientes/pendientes/pendientes-de-boton/pendientes-de-boton-halo-rectangular-brillante/292380C01.html
earrings,https://es.pandora.net/es/pendientes/pendientes/pendientes-de-boton/pendientes-de-boton-circulo-eternity-noviembre/292334C04.html
earrings,https://es.pandora.net/es/ideas-de-regalo/ideas-de-regalo/conjuntos-de-regalos/conjunto-de-regalo-pendientes-collar-y-anillo-amor-mama/B801487.html
earrings,https://es.pandora.net/es/pendientes/pendientes/pendientes-de-boton/pendientes-corazones-brillantes-en-plata/298685C01.html
earrings,https://es.pandora.net/es/pendientes/pendientes/pendientes-de-boton/pendientes-brillante-azul-redondo/296272C01.html
earrings,https://es.pandora.net/es/pendientes/pendientes/pendientes-de-boton/pendientes-de-boton-circulo-y-cuadrado-brillantes/290036C01.html
earrings,https://es.pandora.net/es/pendientes/pendientes/pendientes-de-boton/pendientes-corazones-capturados/280528CZ.html
earrings,https://es.pandora.net/es/pendientes/pendientes/pendientes-de-aro/pendiente-link-ovalado-naranja-pandora-me/291982C01.html
earrings,https://es.pandora.net/es/pendientes/pendientes/pendientes-de-boton/pendientes-de-boton-circulo-eternity-julio/292334C01.html
earrings,https://es.pandora.net/es/pendientes/pendientes/pendientes-de-boton/pendientes-en-plata-de-ley-lagrimas-radiantes/296252CZ.html
earrings,https://es.pandora.net/es/pendientes/pendientes/pendientes-de-boton/pendientes-corazones-en-relieve/298427C01.html
earrings,https://es.pandora.net/es/pendientes/pendientes/pendientes-de-boton/pendientes-de-boton-corona-brillante-transparente/268311C01.html
earrings,https://es.pandora.net/es/pendientes/pendientes/pendientes-de-aro/pendientes-de-aro-corazon-en-pave/286317C01.html
earrings,https://es.pandora.net/es/pendientes/pendientes/pendientes-de-aro/pendiente-link-ovalado-de-pandora-me/289664C00.html
earrings,https://es.pandora.net/es/pendientes/pendientes/pendientes-de-boton/pendientes-de-boton-circulo-eternity-enero/292334C06.html
earrings,https://es.pandora.net/es/pendientes/pendientes/pendientes-de-aro/pendientes-de-aro-rectangulo-azul-brillante/292381C01.html
earrings,https://es.pandora.net/es/pendientes/pendientes/pendientes-largos/pendientes-colgantes-circulo-y-cuadrado-brillantes/290045C01.html
earrings,https://es.pandora.net/es/pendientes/pendientes/pendientes-de-aro/pendientes-de-aro-corazon-halo-brillante/291445C01.html
earrings,https://es.pandora.net/es/pendientes/pendientes/pendientes-de-aro/pendientes-de-aro-en-forma-de-u/299488C01.html
earrings,https://es.pandora.net/es/pendientes/pendientes/pendientes-de-boton/pendientes-de-boton-circulo-brillante/268649C01.html
earrings,https://es.pandora.net/es/pendientes/pendientes/pendientes-de-aro/pendientes-de-aro-brillantes/299406C01.html
earrings,https://es.pandora.net/es/pendientes/pendientes/pendientes-de-boton/pendientes-de-boton-infinito-brillante/288820C01.html
earrings,https://es.pandora.net/es/pendientes/pendientes/pendientes-de-boton/pendientes-de-boton-infinito-brillante/268820C01.html
earrings,https://es.pandora.net/es/pendientes/pendientes/pendientes-de-aro/pendientes-de-aro-pandora-moments-para-charm/289532C00.html
earrings,https://es.pandora.net/es/pendientes/pendientes/pendientes-de-aro/pendiente-link-en-pave-pandora-me/269682C01.html
earrings,https://es.pandora.net/es/pendientes/pendientes/pendientes-de-boton/pendientes-de-boton-circulo-vintage-con-doble-opcion/280721CZ.html
earrings,https://es.pandora.net/es/pendientes/pendientes/pendientes-de-boton/pendientes-de-boton-cuadrados-halo-lagrima/286252CZ.html
earrings,https://es.pandora.net/es/pendientes/pendientes/pendientes-de-boton/pendientes-elegancia-atemporal/280591CZ.html
earrings,https://es.pandora.net/es/pendientes/pendientes/pendientes-de-boton/pendientes-de-boton-carroza-calabaza-de-cenicienta-de-disney/299193C01.html
earrings,https://es.pandora.net/es/pendientes/pendientes/pendientes-de-boton/pendientes-en-plata-de-ley-corazones-anudados/298019CZ.html
earrings,https://es.pandora.net/es/pendientes/pendientes/pendientes-de-aro/pendiente-link-pandora-me/289657C00.html
earrings,https://es.pandora.net/es/pendientes/pendientes/pendientes-de-aro/pendientes-de-aro-pandora-signature-i-d/252228C00.html
earrings,https://es.pandora.net/es/pendientes/pendientes/pendientes-de-boton/pendientes-de-boton-mascara-spider-man-de-marvel/292354C01.html
earrings,https://es.pandora.net/es/pendientes/pendientes/pendientes-largos/pendientes-colgantes-herbario-brillante/282404C01.html
earrings,https://es.pandora.net/es/pendientes/pendientes/pendientes-de-aro/pendientes-de-aro-pandora-signature-logo-y-cuentas/292310C00.html
earrings,https://es.pandora.net/es/pendientes/pendientes/pendientes-de-aro/pendientes-de-aro-corazones-radiantes-brillantes/292498C01.html
earrings,https://es.pandora.net/es/pendientes/pendientes/pendientes-de-boton/pendientes-de-boton-olas-brillantes/292544C01.html
earrings,https://es.pandora.net/es/ideas-de-regalo/ideas-de-regalo/conjuntos-de-regalos/conjunto-pendiente-vuela-alto-pandora-me/B801057.html
earrings,https://es.pandora.net/es/ideas-de-regalo/ideas-de-regalo/conjuntos-de-regalos/conjunto-de-regalo-herbario-brillante/B801389.html
earrings,https://es.pandora.net/es/ideas-de-regalo/ideas-de-regalo-1/conjunto-de-regalo-anillo-y-pendientes-doble-corazon-brillante/B801237.html
earrings,https://es.pandora.net/es/ideas-de-regalo/ideas-de-regalo/conjuntos-de-regalos/conjunto-de-regalo-corazon-en-relieve/B801101.html
earrings,https://es.pandora.net/es/ideas-de-regalo/ideas-de-regalo-1/conjunto-de-regalo-pendientes-y-anillo-gemas-del-infinito-los-vengadores-de-marvel/B801453.html
earrings,https://es.pandora.net/es/ideas-de-regalo/ideas-de-regalo/conjuntos-de-regalos/pendientes-para-charm-y-2-charms-pluma-brillante/B801048.html
earrings,https://es.pandora.net/es/ideas-de-regalo/ideas-de-regalo/conjuntos-de-regalos/conjunto-de-regalo-collar-y-pendientes-logo-circulos/B801346.html
earrings,https://es.pandora.net/es/ideas-de-regalo/ideas-de-regalo/conjuntos-de-regalos/conjunto-look-edurne-pendientes-de-corazon-y-charms-de-pluma/B801324.html
earrings,https://es.pandora.net/es/ideas-de-regalo/ideas-de-regalo/conjuntos-de-regalos/conjunto-de-regalo-copo-de-nieve/B801388.html
earrings,https://es.pandora.net/es/ideas-de-regalo/ideas-de-regalo/conjuntos-de-regalos/conjunto-de-regalo-estrella-fugaz/B801403.html
earrings,https://es.pandora.net/es/ideas-de-regalo/ideas-de-regalo/conjuntos-de-regalos/conjunto-de-regalo-herbario-brillante/B801402.html
earrings,https://es.pandora.net/es/ideas-de-regalo/ideas-de-regalo-1/conjunto-de-regalo-pendientes-y-anillo-rosados/B801240.html
earrings,https://es.pandora.net/es/ideas-de-regalo/ideas-de-regalo/conjuntos-de-regalos/conjunto-de-regalo-pendientes-de-aro-de-verano/B801250.html
earrings,https://es.pandora.net/es/ideas-de-regalo/ideas-de-regalo/conjuntos-de-regalos/conjunto-pendientes-y-collar-corazones-geometricos-de-pandora/B801033.html
earrings,https://es.pandora.net/es/ideas-de-regalo/ideas-de-regalo/conjuntos-de-regalos/conjunto-de-regalo-collar-pendientes-y-anillo-infinito/B801485.html
earrings,https://es.pandora.net/es/ideas-de-regalo/ideas-de-regalo/conjuntos-de-regalos/conjunto-de-regalo-pendientes-link-estrella-corazon-pandora-me/B801368.html
earrings,https://es.pandora.net/es/ideas-de-regalo/ideas-de-regalo/conjuntos-de-regalos/conjunto-pendiente-link-platanero-pandora-me/B801056.html
earrings,https://es.pandora.net/es/pendientes/pendientes/pendientes-de-aro/pendientes-de-aro-corazon-en-pave/266317C01.html
earrings,https://es.pandora.net/es/pendientes/pendientes/pendientes-de-boton/pendientes-de-boton-herbario-brillante/292406C01.html
earrings,https://es.pandora.net/es/pendientes/pendientes/pendientes-de-boton/pendientes-de-boton-circulo-eternity-abril/292335C01.html
earrings,https://es.pandora.net/es/pendientes/pendientes/pendientes-de-boton/pendientes-de-boton-doble-halo-brillante-con-doble-opcion/299411C01.html
earrings,https://es.pandora.net/es/pendientes/pendientes/pendientes-de-boton/pendientes-en-plata-de-ley-elegancia-atemporal-azul/290591NBT.html
earrings,https://es.pandora.net/es/pendientes/pendientes/pendientes-de-boton/pendientes-en-plata-de-ley-elegancia-clasica/296272CZ.html
earrings,https://es.pandora.net/es/pendientes/pendientes/pendientes-de-boton/pendiente-de-boton-nota-musical-pandora-me/298366CZ.html
earrings,https://es.pandora.net/es/pendientes/pendientes/pendientes-de-boton/pendiente-de-boton-naturaleza-pandora-me/298387CZ.html
necklaces,https://es.pandora.net/es/collares-y-colgantes/collares-y-colgantes/cadenas/collar-de-plata-de-ley/590200.html
necklaces,https://es.pandora.net/es/joyas-para-cada-dia/colgante-o-pandora-pequeno/398296.html
necklaces,https://es.pandora.net/es/collares-y-colgantes/collares-y-colgantes/collares/collar-corazon-infinito-brillante/392666C01.html
necklaces,https://es.pandora.net/es/ideas-de-regalo/ideas-de-regalo/conjuntos-de-regalos/conjunto-de-regalo-corazon-infinito-brillante/B801471.html
necklaces,https://es.pandora.net/es/collares-y-colgantes/collares-y-colgantes/collares/collar-con-colgante-circulo-familiar-siempre/391455C01.html
necklaces,https://es.pandora.net/es/collares-y-colgantes/collares-y-colgantes/collares/collar-mama-en-pave/392589C01.html
necklaces,https://es.pandora.net/es/ideas-de-regalo/ideas-de-regalo/conjuntos-de-regalos/conjunto-de-regalo-collar-y-pendientes-corazon-rojo/B801432.html
necklaces,https://es.pandora.net/es/ideas-de-regalo/ideas-de-regalo/conjuntos-de-regalos/conjunto-de-joyeria-circulos-de-familia-para-siempre/B801213.html
necklaces,https://es.pandora.net/es/collares-y-colgantes/collares-y-colgantes/collares/collar-colgante-circulos-en-dos-tonos/389483C01.html
necklaces,https://es.pandora.net/es/ideas-de-regalo/ideas-de-regalo/conjuntos-de-regalos/conjunto-de-regalo-corazones-brillantes-de-pandora/B801032.html
necklaces,https://es.pandora.net/es/collares-y-colgantes/collares-y-colgantes/collares/collar-herbario-colgante-brillante/382386C01.html
necklaces,https://es.pandora.net/es/collares-y-colgantes/collares-y-colgantes/collares/collar-corazon-halo-brillante/392542C01.html
necklaces,https://es.pandora.net/es/collares-y-colgantes/collares-y-colgantes/cadenas/collar-de-eslabones-link-pandora-me/399685C00.html
necklaces,https://es.pandora.net/es/collares-y-colgantes/collares-y-colgantes/collares/collar-halo-brillante/390055C01.html
necklaces,https://es.pandora.net/es/collares-y-colgantes/collares-y-colgantes/collares/collar-moments-en-plata/590742HV.html
necklaces,https://es.pandora.net/es/collares-y-colgantes/collares-y-colgantes/collares/collar-flor-pensamiento-azul/390770C01.html
necklaces,https://es.pandora.net/es/collares-y-colgantes/collares-y-colgantes/collares/collar-infinito-brillante/368821C01.html
necklaces,https://es.pandora.net/es/collares-y-colgantes/collares-y-colgantes/collares/collar-en-plata-de-ley-arbol-de-la-vida/397780CZ.html
necklaces,https://es.pandora.net/es/ideas-de-regalo/ideas-de-regalo/conjuntos-de-regalos/conjunto-de-regalo-collar-y-pendientes-flor-pensamiento-azul/B801455.html
necklaces,https://es.pandora.net/es/collares-y-colgantes/collares-y-colgantes/collares/collar-de-cuentas-y-pave/398565C01.html
necklaces,https://es.pandora.net/es/collares-y-colgantes/collares-y-colgantes/collares/collar-corazon-en-pave-y-alas-de-angel/398505C02.html
necklaces,https://es.pandora.net/es/collares-y-colgantes/collares-y-colgantes/collares/cadena-plata-de-ley/398283.html
necklaces,https://es.pandora.net/es/collares-y-colgantes/collares-y-colgantes/collares/collar-con-colgante-pandora-signature-pave-y-cuentas/392308C01.html
necklaces,https://es.pandora.net/es/ideas-de-regalo/ideas-de-regalo/conjuntos-de-regalos/conjunto-de-regalo-arbol-de-la-vida/B801470.html
necklaces,https://es.pandora.net/es/collares-y-colgantes/collares-y-colgantes/collares/collar-corazon-de-centro-dorado/399399C00.html
necklaces,https://es.pandora.net/es/collares-y-colgantes/collares-y-colgantes/cadenas/collar-pandora-moments-cadena-de-serpiente/382234C00.html
necklaces,https://es.pandora.net/es/collares-y-colgantes/collares-y-colgantes/collares/collar-corazon-a-mano-alzada-brillante/380089C01.html
necklaces,https://es.pandora.net/es/ideas-de-regalo/ideas-de-regalo/conjuntos-de-regalos/conjunto-de-regalo-herbario/B801472.html
necklaces,https://es.pandora.net/es/collares-y-colgantes/collares-y-colgantes/collares/collar-gotas-brillantes/392405C01.html
necklaces,https://es.pandora.net/es/collares-y-colgantes/collares-y-colgantes/collares/collar-corazon-radiante-y-gema-flotante/392494C01.html
necklaces,https://es.pandora.net/es/collares-y-colgantes/collares-y-colgantes/collares/collar-corazon-arbol-de-la-familia/399261C01.html
necklaces,https://es.pandora.net/es/collares-y-colgantes/collares-y-colgantes/colgantes/colgante-abeja-reina-brillante/398840C01.html
necklaces,https://es.pandora.net/es/collares-y-colgantes/collares-y-colgantes/colgantes/colgante-pandora-moments-o-pandora-corazon-para-charms/399384C00.html
necklaces,https://es.pandora.net/es/ideas-de-regalo/ideas-de-regalo/conjuntos-de-regalos/conjunto-de-regalo-corazon-infinito-eterno/B801484.html
necklaces,https://es.pandora.net/es/collares-y-colgantes/collares-y-colgantes/collares/collar-infinito-brillante/398821C01.html
necklaces,https://es.pandora.net/es/collares-y-colgantes/collares-y-colgantes/collares/collar-en-plata-de-ley-corazones-de-pandora/397436CZ.html
necklaces,https://es.pandora.net/es/ideas-de-regalo/ideas-de-regalo/conjuntos-de-regalos/conjunto-de-regalo-collar-pendientes-y-anillo-corazon-rojo/B801483.html
necklaces,https://es.pandora.net/es/collares-y-colgantes/collares-y-colgantes/cadenas/cadena-eslabones-redondos/399260C00.html
necklaces,https://es.pandora.net/es/collares-y-colgantes/collares-y-colgantes/collares/collar-cadena-de-bordillo/388283.html
necklaces,https://es.pandora.net/es/collares-y-colgantes/collares-y-colgantes/collares/collar-lampara-magica-de-aladdin-de-disney/392347C01.html
necklaces,https://es.pandora.net/es/charms-y-pulseras/charms/charms-colgantes/charm-colgante-corazon-de-octubre/798854C09.html
necklaces,https://es.pandora.net/es/ideas-de-regalo/ideas-de-regalo/conjuntos-de-regalos/conjunto-de-regalo-circulo-y-cuadrado-brillantes/B801086.html
necklaces,https://es.pandora.net/es/collares-y-colgantes/collares-y-colgantes/cadenas/collar-de-eslabones-link-pandora-me/399590C00.html
necklaces,https://es.pandora.net/es/collares-y-colgantes/collares-y-colgantes/collares/collar-herbario-brillante/392387C01.html
necklaces,https://es.pandora.net/es/ideas-de-regalo/ideas-de-regalo/conjuntos-de-regalos/conjunto-de-joyeria-doble-corazon-brillante/B801214.html
necklaces,https://es.pandora.net/es/collares-y-colgantes/collares-y-colgantes/collares/collar-en-plata-de-ley-elegancia-atemporal/396241CZ.html
necklaces,https://es.pandora.net/es/collares-y-colgantes/collares-y-colgantes/cadenas/collar-fino-perlas-cultivadas-de-agua-dulce-pandora-me/362302C01.html
necklaces,https://es.pandora.net/es/collares-y-colgantes/collares-y-colgantes/collares/collar-corazon-amado/590534CZ.html
necklaces,https://es.pandora.net/es/collares-y-colgantes/collares-y-colgantes/collares/collar-circulo-y-herbario-brillante/392620C01.html
necklaces,https://es.pandora.net/es/ideas-de-regalo/ideas-de-regalo/conjuntos-de-regalos/conjunto-de-regalo-collar-corazon-alambre-de-pandora-me/B801448.html
necklaces,https://es.pandora.net/es/collares-y-colgantes/collares-y-colgantes/colgantes/colgante-pandora-moments-para-charms-corazon/389384C00.html
necklaces,https://es.pandora.net/es/collares-y-colgantes/collares-y-colgantes/collares/cadena-en-plata-de-ley/590412.html
necklaces,https://es.pandora.net/es/collares-y-colgantes/collares-y-colgantes/collares/collar-corazon-y-alas-de-angel-en-pave/398505C01.html
necklaces,https://es.pandora.net/es/collares-y-colgantes/collares-y-colgantes/collares/collar-corazon-en-relieve/398425C01.html
necklaces,https://es.pandora.net/es/collares-y-colgantes/collares-y-colgantes/cadenas/cadena-de-cable-grueso/399564C00.html
necklaces,https://es.pandora.net/es/collares-y-colgantes/collares-y-colgantes/cadenas/collar-de-eslabones-link-pandora-me/389685C00.html
necklaces,https://es.pandora.net/es/collares-y-colgantes/collares-y-colgantes/collares/collar-en-plata-de-primera-ley-deseo-brillante/397802CZ.html
necklaces,https://es.pandora.net/es/ideas-de-regalo/ideas-de-regalo/conjuntos-de-regalos/conjunto-collar-de-eslabones-azul-atrevido-pandora-me/B801065.html
necklaces,https://es.pandora.net/es/charms-y-pulseras/charms/charms-colgantes/charm-colgante-corazon-de-mayo/798854C05.html
necklaces,https://es.pandora.net/es/collares-y-colgantes/collares-y-colgantes/collares/collar-colgante-doble-circulo/399487C01.html
necklaces,https://es.pandora.net/es/ideas-de-regalo/ideas-de-regalo/conjuntos-de-regalos/conjunto-de-regalo-collar-y-pendientes-infinito-brillante/B801341.html
necklaces,https://es.pandora.net/es/collares-y-colgantes/collares-y-colgantes/collares/collar-pluma-curvada-flotante-en-dos-tonos/382575C01.html
necklaces,https://es.pandora.net/es/ideas-de-regalo/ideas-de-regalo/conjuntos-de-regalos/conjunto-collar-de-eslabones-con-medallones-belleza-interior-pandora-me/B801066.html
necklaces,https://es.pandora.net/es/ideas-de-regalo/ideas-de-regalo/conjuntos-de-regalos/conjunto-de-regalo-collar-o-pandora-globo-aeroestatico/B801248.html
necklaces,https://es.pandora.net/es/collares-y-colgantes/collares-y-colgantes/collares/collar-copos-de-nieve-brillantes/399230C01.html
necklaces,https://es.pandora.net/es/charms-y-pulseras/charms/charms-colgantes/charm-colgante-corazon-de-agosto/798854C10.html
necklaces,https://es.pandora.net/es/ideas-de-regalo/ideas-de-regalo/conjuntos-de-regalos/conjunto-de-regalo-halo-brillante/B801087.html
necklaces,https://es.pandora.net/es/charms-y-pulseras/charms/charms-colgantes/charm-colgante-corazon-de-noviembre/798854C11.html
necklaces,https://es.pandora.net/es/ideas-de-regalo/ideas-de-regalo/conjuntos-de-regalos/conjunto-de-regalo-collar-y-pendientes-pluma-curvada/B801454.html
necklaces,https://es.pandora.net/es/collares-y-colgantes/collares-y-colgantes/colgantes/colgante-perla-contemporanea/399427C01.html
necklaces,https://es.pandora.net/es/collares-y-colgantes/collares-y-colgantes/collares/collar-circulo-vintage/380523CZ.html
necklaces,https://es.pandora.net/es/ideas-de-regalo/ideas-de-regalo/conjuntos-de-regalos/-conjunto-de-regalo-collar-y-pendientes-flor-pensamiento-azul./B801171.html
necklaces,https://es.pandora.net/es/collares-y-colgantes/collares-y-colgantes/collares/collar-corazon-espumoso-brillante/399273C01.html
necklaces,https://es.pandora.net/es/charms-y-pulseras/charms/charms-colgantes/charm-colgante-corazon-de-julio/798854C02.html
necklaces,https://es.pandora.net/es/collares-y-colgantes/collares-y-colgantes/colgantes/colgante-spider-man-de-marvel/392353C01.html
necklaces,https://es.pandora.net/es/charms-y-pulseras/charms/charms-colgantes/charm-colgante-corazon-de-febrero/798854C03.html
necklaces,https://es.pandora.net/es/ideas-de-regalo/ideas-de-regalo/conjuntos-de-regalos/conjunto-de-regalo-collar-y-pendientes-corazon-radiante-y-gema-flotante/B801431.html
necklaces,https://es.pandora.net/es/collares-y-colgantes/collares-y-colgantes/collares/collar-fila-en-pave/362635C01.html
necklaces,https://es.pandora.net/es/joyas/collar-en-plata-de-ley-corazones-girando/397410CZ.html
necklaces,https://es.pandora.net/es/collares-y-colgantes/collares-y-colgantes/collares/collar-con-colgante-o-pandora-en-forma-de-t/391157C00.html
necklaces,https://es.pandora.net/es/collares-y-colgantes/collares-y-colgantes/collares/collar-circulo-en-pave-logotipo-de-pandora/367436C01.html
necklaces,https://es.pandora.net/es/ideas-de-regalo/ideas-de-regalo/conjuntos-de-regalos/conjunto-de-regalo-collar-y-pendientes-corazones-de-pandora/B801342.html
necklaces,https://es.pandora.net/es/collares-y-colgantes/collares-y-colgantes/cadenas/collar-de-cadena-con-tachuelas-pandora-moments/392451C00.html
necklaces,https://es.pandora.net/es/collares-y-colgantes/collares-y-colgantes/collares/collar-carroza-calabaza-cenicienta-de-disney/399198C01.html
necklaces,https://es.pandora.net/es/collares-y-colgantes/collares-y-colgantes/colgantes/colgante-en-plata-de-ley-cruz/397571CZ.html
necklaces,https://es.pandora.net/es/collares-y-colgantes/collares-y-colgantes/collares/collar-arbol-familiar/390384CZ.html
necklaces,https://es.pandora.net/es/ideas-de-regalo/ideas-de-regalo/conjuntos-de-regalos/conjunto-de-regalo-cadena-y-colgante-o-pandora-corazon/B801106.html
necklaces,https://es.pandora.net/es/ideas-de-regalo/ideas-de-regalo/conjuntos-de-regalos/conjunto-de-regalo-pendientes-collar-y-anillo-amor-mama/B801487.html
necklaces,https://es.pandora.net/es/collares-y-colgantes/collares-y-colgantes/collares/colgante-corazones-pandora/590514CZ.html
necklaces,https://es.pandora.net/es/collares-y-colgantes/collares-y-colgantes/collares/collar-con-colgante-pandora-signature-logo-pave-y-cuentas/392311C01.html
necklaces,https://es.pandora.net/es/collares-y-colgantes/collares-y-colgantes/cadenas/collar-cadena-de-cable/368727C00.html
necklaces,https://es.pandora.net/es/collares-y-colgantes/collares-y-colgantes/colgantes/charm-colgante-estrella-azul-de-cenicienta-de-disney/399560C01.html
necklaces,https://es.pandora.net/es/collares-y-colgantes/collares-y-colgantes/colgantes/colgante-mariquita-rosa/387909EN160.html
necklaces,https://es.pandora.net/es/collares-y-colgantes/collares-y-colgantes/collares/collar-brillante-corazon-de-luna-azul-y-estrellas/399232C01.html
necklaces,https://es.pandora.net/es/collares-y-colgantes/collares-y-colgantes/colgantes/colgante-o-pandora-mickey-mouse-de-disney/390076C00.html
necklaces,https://es.pandora.net/es/collares-y-colgantes/collares-y-colgantes/collares/collar-circulo-y-cuadrado-brillantes/390048C01.html
necklaces,https://es.pandora.net/es/collares-y-colgantes/collares-y-colgantes/colgantes/colgante-o-pequeno-plata-en-pave/399097C01.html
necklaces,https://es.pandora.net/es/collares-y-colgantes/collares-y-colgantes/collares/collar-de-eslabones/399410C00.html
necklaces,https://es.pandora.net/es/charms-y-pulseras/charms/charms-colgantes/charm-colgante-corazon-de-enero/798854C08.html
necklaces,https://es.pandora.net/es/collares-y-colgantes/collares-y-colgantes/collares/collar-en-plata-de-ley-elegancia-clasica/396240CZ.html
necklaces,https://es.pandora.net/es/ideas-de-regalo/ideas-de-regalo/conjuntos-de-regalos/conjunto-de-regalo-colgante-y-cadena/B801082.html
necklaces,https://es.pandora.net/es/charms-y-pulseras/charms/charms-colgantes/charm-colgante-corazon-de-abril/798854C04.html
necklaces,https://es.pandora.net/es/collares-y-colgantes/collares-y-colgantes/colgantes/colgante-o-pandora-mediano/398256.html
necklaces,https://es.pandora.net/es/collares-y-colgantes/collares-y-colgantes/collares/collar-colgante-doble-corazon-brillante/391229C01.html
necklaces,https://es.pandora.net/es/collares-y-colgantes/collares-y-colgantes/collares/collar-circulo-en-pave-logotipo-de-pandora/387436C01.html
necklaces,https://es.pandora.net/es/collares-y-colgantes/collares-y-colgantes/cadenas/collar-cadena-gran-nudo-infinito/398902C00.html
necklaces,https://es.pandora.net/es/collares-y-colgantes/collares-y-colgantes/collares/collar-en-t-doble-aro/399039C01.html
necklaces,https://es.pandora.net/es/collares-y-colgantes/collares-y-colgantes/collares/collar-doble-halo-brillante/399414C01.html
necklaces,https://es.pandora.net/es/collares-y-colgantes/collares-y-colgantes/collares/collar-barras-brillantes-en-pave/390059C01.html
necklaces,https://es.pandora.net/es/collares-y-colgantes/collares-y-colgantes/collares/collar-estrella-asimetrica-en-pave/390020C01.html
necklaces,https://es.pandora.net/es/collares-y-colgantes/collares-y-colgantes/collares/collar-y-colgante-pandora-signature-i-d/352229C00.html
necklaces,https://es.pandora.net/es/collares-y-colgantes/collares-y-colgantes/colgantes/colgante-cactus-del-desierto/361687C01.html
necklaces,https://es.pandora.net/es/collares-y-colgantes/collares-y-colgantes/collares/collar-halo-rectangular-brillante/392388C01.html
necklaces,https://es.pandora.net/es/collares-y-colgantes/collares-y-colgantes/collares/collar-copo-de-nieve-brillante/392371C01.html
necklaces,https://es.pandora.net/es/ideas-de-regalo/ideas-de-regalo/conjuntos-de-regalos/conjunto-de-regalo-collar-el-ojo-que-todo-lo-ve-pandora-me/B801254.html
necklaces,https://es.pandora.net/es/ideas-de-regalo/ideas-de-regalo/conjuntos-de-regalos/conjunto-de-regalo-herbario-brillante/B801389.html
necklaces,https://es.pandora.net/es/ideas-de-regalo/ideas-de-regalo-1/conjunto-de-regalo-anillo-y-pendientes-doble-corazon-brillante/B801237.html
necklaces,https://es.pandora.net/es/ideas-de-regalo/ideas-de-regalo/conjuntos-de-regalos/conjunto-de-regalo-colgante-o-pandora-margarita-morada/B801163.html
necklaces,https://es.pandora.net/es/ideas-de-regalo/ideas-de-regalo/conjuntos-de-regalos/conjunto-de-regalo-corazon-en-relieve/B801101.html
necklaces,https://es.pandora.net/es/ideas-de-regalo/ideas-de-regalo/conjuntos-de-regalos/conjunto-de-regalo-pendientes-y-collar-de-spider-man-de-marvel/B801391.html
necklaces,https://es.pandora.net/es/ideas-de-regalo/ideas-de-regalo-1/conjunto-de-regalo-pendientes-y-anillo-gemas-del-infinito-los-vengadores-de-marvel/B801453.html
necklaces,https://es.pandora.net/es/ideas-de-regalo/ideas-de-regalo/conjuntos-de-regalos/conjunto-de-regalo-collar-amor-de-padre/B801469.html
necklaces,https://es.pandora.net/es/ideas-de-regalo/ideas-de-regalo/conjuntos-de-regalos/conjunto-de-regalo-collar-y-pendientes-logo-circulos/B801346.html
necklaces,https://es.pandora.net/es/ideas-de-regalo/ideas-de-regalo/conjuntos-de-regalos/conjunto-de-regalo-copo-de-nieve/B801388.html
necklaces,https://es.pandora.net/es/ideas-de-regalo/ideas-de-regalo/conjuntos-de-regalos/conjunto-de-regalo-estrella-fugaz/B801403.html
necklaces,https://es.pandora.net/es/ideas-de-regalo/ideas-de-regalo/conjuntos-de-regalos/conjunto-de-regalo-herbario-brillante/B801402.html
necklaces,https://es.pandora.net/es/ideas-de-regalo/ideas-de-regalo/conjuntos-de-regalos/conjunto-pendientes-y-collar-corazones-geometricos-de-pandora/B801033.html
necklaces,https://es.pandora.net/es/ideas-de-regalo/ideas-de-regalo/conjuntos-de-regalos/conjunto-de-regalo-collar-pendientes-y-anillo-infinito/B801485.html
necklaces,https://es.pandora.net/es/collares-y-colgantes/collares-y-colgantes/colgantes/charm-colgante-infinito-y-rosa-de-bella-de-disney/399525C01.html
necklaces,https://es.pandora.net/es/ideas-de-regalo/ideas-de-regalo/conjuntos-de-regalos/conjunto-de-regalo-collar-cactus-del-desierto/B801251.html
necklaces,https://es.pandora.net/es/collares-y-colgantes/collares-y-colgantes/collares/collar-brillante-corazon/388425C01.html
necklaces,https://es.pandora.net/es/collares-y-colgantes/collares-y-colgantes/collares/collar-colgante-halo-redondo-brillante/361174C01.html
necklaces,https://es.pandora.net/es/charms-y-pulseras/charms/charms-colgantes/charm-colgante-corazon-de-septiembre-/798854C12.html
necklaces,https://es.pandora.net/es/charms-y-pulseras/charms/charms-colgantes/charm-colgante-corazon-de-marzo/798854C01.html
necklaces,https://es.pandora.net/es/collares-y-colgantes/collares-y-colgantes/cadenas/collar-de-cadena/369260C00.html
necklaces,https://es.pandora.net/es/collares-y-colgantes/collares-y-colgantes/collares/collar-fila-doble-en-pave/382621C01.html
necklaces,https://es.pandora.net/es/collares-y-colgantes/collares-y-colgantes/collares/collar-corazones-brillantes/398688C01.html
necklaces,https://es.pandora.net/es/charms-y-pulseras/charms/charms-colgantes/charm-colgante-corazon-de-junio/798854C06.html
necklaces,https://es.pandora.net/es/charms-y-pulseras/charms/charms-colgantes/charm-colgante-corazon-de-diciembre/798854C07.html
necklaces,https://es.pandora.net/es/collares-y-colgantes/collares-y-colgantes/collares/collar-circulo-en-pave/392632C01.html
necklaces,https://es.pandora.net/es/collares-y-colgantes/collares-y-colgantes/cadenas/collar-de-eslabones-link-y-perlas-cultivadas-de-agua-dulce-pandora-me/399658C01.html
necklaces,https://es.pandora.net/es/collares-y-colgantes/collares-y-colgantes/cadenas/cadena-de-eslabones/389410C00.html
necklaces,https://es.pandora.net/es/collares-y-colgantes/collares-y-colgantes/cadenas/collar-de-eslabones-doble-link-pandora-me/362303C00.html
necklaces,https://es.pandora.net/es/collares-y-colgantes/collares-y-colgantes/colgantes/colgante-o-de-pandora-moments/388296.html
necklaces,https://es.pandora.net/es/collares-y-colgantes/collares-y-colgantes/collares/collar-cadena-de-cable/388574C00.html
necklaces,https://es.pandora.net/es/collares-y-colgantes/collares-y-colgantes/cadenas/collar-cadena-de-bordillo/368638C00.html
necklaces,https://es.pandora.net/es/collares-y-colgantes/collares-y-colgantes/collares/collar-estrella-fugaz/362374C01.html
necklaces,https://es.pandora.net/es/collares-y-colgantes/collares-y-colgantes/collares/collar-elegancia-clasica/386240CZ.html
necklaces,https://es.pandora.net/es/collares-y-colgantes/collares-y-colgantes/cadenas/collar-de-eslabones-pandora-me/399001C00.html
