URL,PRICE
https://www.amazon.com/dp/B0BVG42J6B,34.98
https://www.amazon.com/dp/B0BYG9YYBV,77.98
https://www.amazon.com/dp/B0BYSXK3DK,54.98
https://www.amazon.com/dp/B0BYJTH35V,29.98
https://www.amazon.com/dp/B0BW4MBNK4,31.98
https://www.amazon.com/dp/B0BW463JYZ,27.98
https://www.amazon.com/dp/B0BT22J577,19.98
https://www.amazon.com/dp/B0BWZ13C2R,79.98
https://www.amazon.com/dp/B0BTB2STT6,87.98
https://www.amazon.com/dp/B0BTTHMXCL,11.98
https://www.amazon.com/dp/B0BVJHNVXJ,79.98
https://www.amazon.com/dp/B0BSR2MG98,60.98
https://www.amazon.com/dp/B0BXGX9Y7N,24.98
https://www.amazon.com/dp/B0BV38BRYD,49.98
https://www.amazon.com/dp/B0BV6RCWF4,94.98
https://www.amazon.com/dp/B0BW3NDGD3,42.98
https://www.amazon.com/dp/B0BTC5DNKM,47.98
https://www.amazon.com/dp/B0BSV3GT7Q,54.98
https://www.amazon.com/dp/B0BYPJ6LGW,89.98
https://www.amazon.com/dp/B0BVKGPQWG,32.98
https://www.amazon.com/dp/B0BNW8RM49,35.98
https://www.amazon.com/dp/B0BVKY38VX,14.98
https://www.amazon.com/dp/B0BSLLJ3MH,19.98
https://www.amazon.com/dp/B0BSR3N4T2,48.98
https://www.amazon.com/dp/B0BX5SKQJ3,44.98
https://www.amazon.com/dp/B0BT4RR851,34.98
https://www.amazon.com/dp/B08YRQGCBD,12.99
https://www.amazon.com/dp/B0BWWLGBMM,29.98
https://www.amazon.com/dp/B0BVKGRF4S,119.98
https://www.amazon.com/dp/B0BSS3THFF,63.98
https://www.amazon.com/dp/B0BYJLSJ8S,29.98
https://www.amazon.com/dp/B0BSH3KG62,99.98
https://www.amazon.com/dp/B0BX9PHXBR,139.98
https://www.amazon.com/dp/B0BT4QZZRF,27.98
https://www.amazon.com/dp/B0BT1H4V67,19.98
https://www.amazon.com/dp/B0C14VYPFN,26.98
https://www.amazon.com/dp/B0BV84JT1K,44.98
https://www.amazon.com/dp/B0BVBVGGZQ,16.98
https://www.amazon.com/dp/B0B1F8VDT7,22.99
https://www.amazon.com/dp/B0BVBQWKMQ,97.98
https://www.amazon.com/dp/B0BSHJ8HDV,29.98
https://www.amazon.com/dp/B0BTWJP2BR,67.98
https://www.amazon.com/dp/B0BSH4KZSD,329.98
https://www.amazon.com/dp/B0BXPQK767,24.98
https://www.amazon.com/dp/B0BWMTPJMW,159.98
https://www.amazon.com/dp/B0BX91611K,59.98
https://www.amazon.com/dp/B0BSG1Y9ZQ,49.98
https://www.amazon.com/dp/B0BX9QV2J1,59.98
https://www.amazon.com/dp/B0BSH3FVCG,179.98
https://www.amazon.com/dp/B0BY56KY84,49.98
https://www.amazon.com/dp/B0BXHG2GV4,17.98
https://www.amazon.com/dp/B0BVW4MPX7,49.98
https://www.amazon.com/dp/B0BM4QK3QH,46.98
https://www.amazon.com/dp/B0BS98NQC2,129.98
https://www.amazon.com/dp/B0BW5TG18W,89.98
https://www.amazon.com/dp/B0BSNWRJKT,27.98
https://www.amazon.com/dp/B0BZD3DC58,24.98
https://www.amazon.com/dp/B0BT8BMGV5,19.98
https://www.amazon.com/dp/B0BTM4W945,119.98
https://www.amazon.com/dp/B0BQ3X93LD,12.99
https://www.amazon.com/dp/B0BTTB7CR4,89.98
https://www.amazon.com/dp/B0BTC2F8BX,47.98
https://www.amazon.com/dp/B0BSG1SHVQ,109.98
https://www.amazon.com/dp/B0BYJWV125,97.98
https://www.amazon.com/dp/B0BVBT55HD,24.98
https://www.amazon.com/dp/B0BXCRSBMP,44.98
https://www.amazon.com/dp/B0BX91BWFP,21.98
https://www.amazon.com/dp/B0BSLT1XHY,49.98
https://www.amazon.com/dp/B0BSFZQXGC,27.98
https://www.amazon.com/dp/B0BT54W8ZY,74.98
https://www.amazon.com/dp/B0BSV2LPQQ,19.98
https://www.amazon.com/dp/B0BM4VZWKJ,15.98
https://www.amazon.com/dp/B0BTW7PCSW,48.98
https://www.amazon.com/dp/B0BT72R1YS,67.98
https://www.amazon.com/dp/B0BSTVCP5Q,67.98
https://www.amazon.com/dp/B0BX9R8BN6,20.98
https://www.amazon.com/dp/B0BSS4823J,44.98
https://www.amazon.com/dp/B0BW5VDJ9H,15.98
https://www.amazon.com/dp/B0BSS5SQNY,16.98
https://www.amazon.com/dp/B0BXB7KND2,21.98
https://www.amazon.com/dp/B0BXSM6J13,31.98
https://www.amazon.com/dp/B0BYJS5K65,54.98
https://www.amazon.com/dp/B0BVL2D22B,64.98
https://www.amazon.com/dp/B0BTW6397V,79.98
https://www.amazon.com/dp/B0BSR4Z3ZB,19.98
https://www.amazon.com/dp/B0BW5VPJLF,27.98
https://www.amazon.com/dp/B0BTBMV454,19.98
https://www.amazon.com/dp/B0BWYS4C5G,32.98
https://www.amazon.com/dp/B0BWWLD6QL,99.98
https://www.amazon.com/dp/B0BS41QMHZ,54.98
https://www.amazon.com/dp/B0BWYLT84K,19.98
https://www.amazon.com/dp/B0BXHH8BZM,109.98
https://www.amazon.com/dp/B0BWW8J9B2,69.98
https://www.amazon.com/dp/B0BWR4C2CG,24.98
https://www.amazon.com/dp/B0BXFBT3S7,84.98
https://www.amazon.com/dp/B0BTT8JGXB,49.98
https://www.amazon.com/dp/B0BSFZNWDG,58.98
https://www.amazon.com/dp/B0BVBC7BL7,44.98
https://www.amazon.com/dp/B0BXPDZZKN,24.98
https://www.amazon.com/dp/B0BV39RFKD,27.98
https://www.amazon.com/dp/B0BTB3DVWY,119.98
https://www.amazon.com/dp/B0BT4Y2BG8,17.98
https://www.amazon.com/dp/B0BWFTNDW1,29.98
https://www.amazon.com/dp/B0BVP73QYP,46.98
https://www.amazon.com/dp/B0BSFZW3BT,19.98
https://www.amazon.com/dp/B0BWJ3NH4R,44.98
https://www.amazon.com/dp/B0BW5S3PXY,23.98
https://www.amazon.com/dp/B0BS9WPKHJ,67.98
https://www.amazon.com/dp/B0BTB1BLXB,44.98
https://www.amazon.com/dp/B0BTB3BTHY,169.98
https://www.amazon.com/dp/B0BTC5T7RZ,89.98
https://www.amazon.com/dp/B082BL6BR7,39.99
https://www.amazon.com/dp/B0BSS3K2K3,79.98
https://www.amazon.com/dp/B0BVJFQ5GB,39.98
https://www.amazon.com/dp/B0BVG16R2K,319.98
https://www.amazon.com/dp/B0BW5JK8MT,29.98
https://www.amazon.com/dp/B0BYF5SV8X,29.98
https://www.amazon.com/dp/B0BT227X4Z,119.98
https://www.amazon.com/dp/B0BXXLXDNX,31.98
https://www.amazon.com/dp/B0BVWMYK2L,24.98
https://www.amazon.com/dp/B0BW4L483M,43.98
https://www.amazon.com/dp/B0BYSVZNKZ,17.98
https://www.amazon.com/dp/B0BXB622T8,59.98
https://www.amazon.com/dp/B0BSFWDZ7W,125.98
https://www.amazon.com/dp/B0BTTQ24XK,21.98
https://www.amazon.com/dp/B0BVCJCNXZ,34.98
https://www.amazon.com/dp/B0BM3W63RB,19.98
https://www.amazon.com/dp/B0BVGCWC2G,62.98
https://www.amazon.com/dp/B0BY3XT31Z,34.98
https://www.amazon.com/dp/B0BW59Z6X1,19.98
https://www.amazon.com/dp/B0BTDT176L,28.98
https://www.amazon.com/dp/B0BWNW236L,159.98
https://www.amazon.com/dp/B0BY9CZ55K,26.98
https://www.amazon.com/dp/B0BW71ZLTB,84.98
https://www.amazon.com/dp/B0BS1PM578,26.98
https://www.amazon.com/dp/B0BWWVFDPX,15.98
https://www.amazon.com/dp/B0BSFLNLHW,97.98
https://www.amazon.com/dp/B0BLW3C4BH,25.98
https://www.amazon.com/dp/B0BT1676V6,89.98
https://www.amazon.com/dp/B0BY3WRCR8,54.98
https://www.amazon.com/dp/B0BVGCGTGS,34.98
https://www.amazon.com/dp/B0BVJH4WF1,119.98
https://www.amazon.com/dp/B0BTPMBDZ9,54.98
https://www.amazon.com/dp/B0BX9G65N5,25.98
https://www.amazon.com/dp/B0BW3TXDV7,89.98
https://www.amazon.com/dp/B0BZD31CWH,15.98
https://www.amazon.com/dp/B0BXLMC9KQ,38.98
https://www.amazon.com/dp/B0BXPDZ3GZ,44.98
https://www.amazon.com/dp/B0BTTFG55R,89.98
https://www.amazon.com/dp/B0BWWNHLPY,19.98
https://www.amazon.com/dp/B0BYFRTSG1,54.98
https://www.amazon.com/dp/B0BSNNQZXZ,59.98
https://www.amazon.com/dp/B0BVG3VN53,119.98
https://www.amazon.com/dp/B0BT17X94M,29.98
https://www.amazon.com/dp/B0BXY14Z9K,16.98
https://www.amazon.com/dp/B0BYG5Z63C,29.98
https://www.amazon.com/dp/B0BSZX4N67,69.98
https://www.amazon.com/dp/B0BTZ9QT4Z,
https://www.amazon.com/dp/B0BSCYV6HW,24.98
https://www.amazon.com/dp/B0BTPJN11S,54.98
https://www.amazon.com/dp/B0BS3XGZK1,74.98
https://www.amazon.com/dp/B08YR5MGLM,12.99
https://www.amazon.com/dp/B0BT8B54Y7,44.98
https://www.amazon.com/dp/B0BWTLL48W,24.98
https://www.amazon.com/dp/B0BVG66F9Q,319.98
https://www.amazon.com/dp/B0BYPMPHT6,64.98
https://www.amazon.com/dp/B0BS9926TB,35.98
https://www.amazon.com/dp/B0BW5JNWSM,179.98
https://www.amazon.com/dp/B0BVBCVZF5,149.98
https://www.amazon.com/dp/B0BZJTWHGS,79.98
https://www.amazon.com/dp/B0BXGWM4MN,49.98
https://www.amazon.com/dp/B0BVHZ5TDG,28.98
https://www.amazon.com/dp/B0BSNTP97R,39.98
https://www.amazon.com/dp/B0BTZB5Q3T,49.98
https://www.amazon.com/dp/B0BY3X3VXD,64.98
https://www.amazon.com/dp/B0BMM5L69P,17.98
https://www.amazon.com/dp/B0BWW8LK1D,99.98
https://www.amazon.com/dp/B0BVGKRL69,219.98
https://www.amazon.com/dp/B01A4VE9PQ,19.99
https://www.amazon.com/dp/B0BTTHLXCM,39.98
https://www.amazon.com/dp/B0BVJ45J4X,319.98
https://www.amazon.com/dp/B0BTJ8TMQV,24.98
https://www.amazon.com/dp/B0BY6PV672,22.98
https://www.amazon.com/dp/B0BV7NB3TM,149.98
https://www.amazon.com/dp/B0BSFZRLZ4,89.98
https://www.amazon.com/dp/B0BTPP54GK,69.98
https://www.amazon.com/dp/B0BXHL35F9,25.98
https://www.amazon.com/dp/B0BWTYZ753,49.98
https://www.amazon.com/dp/B0BY57HCYQ,19.98
https://www.amazon.com/dp/B0BXF546CZ,67.98
https://www.amazon.com/dp/B0BW58TG4D,31.98
https://www.amazon.com/dp/B0BS3ZXRH1,99.98
https://www.amazon.com/dp/B0BYCPVMWX,97.98
https://www.amazon.com/dp/B0BT8FTYS4,89.98
https://www.amazon.com/dp/B0BZ82P49P,42.98
https://www.amazon.com/dp/B0BTYR25SG,44.98
https://www.amazon.com/dp/B0BTBN76FY,69.98
https://www.amazon.com/dp/B0BTYYL1P7,159.98
https://www.amazon.com/dp/B0BT4XG9KZ,78.98
https://www.amazon.com/dp/B0BYSVZ8H4,31.98
https://www.amazon.com/dp/B0BXHLVSBN,89.98
https://www.amazon.com/dp/B0BT8FK28H,119.98
https://www.amazon.com/dp/B0BXF75K3R,14.98
https://www.amazon.com/dp/B0B1T5DR48,29.99
https://www.amazon.com/dp/B0BV3D8ZKG,39.98
https://www.amazon.com/dp/B0BTPKKWZJ,20.98
https://www.amazon.com/dp/B0BSS3FRJX,21.98
https://www.amazon.com/dp/B0BTTDCPY4,27.98
https://www.amazon.com/dp/B0BX3GJMCM,15.98
https://www.amazon.com/dp/B0BTW65PHL,44.98
https://www.amazon.com/dp/B0BWMVBYWF,44.98
https://www.amazon.com/dp/B08YRMVQ7L,10.99
https://www.amazon.com/dp/B0BTZ9J958,16.98
https://www.amazon.com/dp/B0BTTK9LZJ,27.98
https://www.amazon.com/dp/B0BT19YMQC,97.98
https://www.amazon.com/dp/B0BY9BT5KW,69.98
https://www.amazon.com/dp/B0C14TKYSF,15.98
https://www.amazon.com/dp/B0BWWTQPX9,20.98
https://www.amazon.com/dp/B0BY9C8CR3,137.98
https://www.amazon.com/dp/B0BVBWPMZL,97.98
https://www.amazon.com/dp/B08YR8JG2W,12.99
https://www.amazon.com/dp/B0BV2RRKCB,15.98
https://www.amazon.com/dp/B0BYSCCCMJ,99.98
https://www.amazon.com/dp/B0BSTBCMHJ,63.98
https://www.amazon.com/dp/B0BX976JXK,44.98
https://www.amazon.com/dp/B0BMQKMMPY,19.98
https://www.amazon.com/dp/B0BVKYZ31T,24.98
https://www.amazon.com/dp/B0BS3WPV49,37.89
https://www.amazon.com/dp/B0BWZ2254J,57.98
https://www.amazon.com/dp/B0BVJJSFGJ,47.98
https://www.amazon.com/dp/B0BVJ1W3K6,62.98
https://www.amazon.com/dp/B0BSTVMTLG,119.98
https://www.amazon.com/dp/B0BSVJT5RC,49.98
https://www.amazon.com/dp/B0BW737P5P,149.98
https://www.amazon.com/dp/B0BVG326KQ,219.98
https://www.amazon.com/dp/B0BTWHZ857,54.98
https://www.amazon.com/dp/B0BTDP5BXL,49.98
https://www.amazon.com/dp/B0BT7V9DJX,45.98
https://www.amazon.com/dp/B0BYWYP4VL,54.98
https://www.amazon.com/dp/B0BSHK21TW,179.98
https://www.amazon.com/dp/B0BT5SL81G,39.98
https://www.amazon.com/dp/B09FTL9WQR,12.95
https://www.amazon.com/dp/B0BTPN58XV,94.98
https://www.amazon.com/dp/B0BV3DKWJX,49.98
https://www.amazon.com/dp/B0BY9C98XX,38.98
https://www.amazon.com/dp/B0BV6VT63Y,159.98
https://www.amazon.com/dp/B0BV39G183,39.98
https://www.amazon.com/dp/B0BTDYCMMT,21.98
https://www.amazon.com/dp/B0BVW2647V,69.98
https://www.amazon.com/dp/B0BXPVQPXD,31.98
https://www.amazon.com/dp/B0BZ84KWMK,62.98
https://www.amazon.com/dp/B0BX9BK4SM,13.98
https://www.amazon.com/dp/B0BTB2PPZG,249.98
https://www.amazon.com/dp/B0BT4H8VJ4,14.98
https://www.amazon.com/dp/B0BVGG3YRB,62.98
https://www.amazon.com/dp/B0BYJVYP37,77.98
https://www.amazon.com/dp/B0BYTSVNH1,49.98
https://www.amazon.com/dp/B0BT9FHTS9,20.98
https://www.amazon.com/dp/B0BVBH55LT,149.98
https://www.amazon.com/dp/B0BW9HD48C,44.98
https://www.amazon.com/dp/B0BTTS79WS,43.98
https://www.amazon.com/dp/B0BVWL62X6,39.98
https://www.amazon.com/dp/B0BVFZ5HJX,219.98
https://www.amazon.com/dp/B0BTDN5KMW,28.98
https://www.amazon.com/dp/B0BSV2JBVT,69.98
https://www.amazon.com/dp/B00JJ8OGFE,160.00
https://www.amazon.com/dp/B0BW4M1CBQ,19.98
https://www.amazon.com/dp/B0BNNRX8X2,19.98
https://www.amazon.com/dp/B0BT572654,32.98
https://www.amazon.com/dp/B0BWS4PCVQ,59.98
https://www.amazon.com/dp/B0BSTBJ9F1,39.98
https://www.amazon.com/dp/B0BW3NRJY7,24.98
https://www.amazon.com/dp/B0BVRSK64J,16.98
https://www.amazon.com/dp/B0BSCD73J5,29.98
https://www.amazon.com/dp/B0BSG2XVRX,109.98
https://www.amazon.com/dp/B0BSLQZ46H,16.98
https://www.amazon.com/dp/B0BWM3RST4,44.98
https://www.amazon.com/dp/B0BY99VJ12,84.98
https://www.amazon.com/dp/B08YQST51Y,12.99
https://www.amazon.com/dp/B0BSG1HCCT,27.98
https://www.amazon.com/dp/B0BT81H1FQ,19.98
https://www.amazon.com/dp/B0BSS8Q2Y8,79.98
https://www.amazon.com/dp/B0BYJLM5CX,54.98
https://www.amazon.com/dp/B0BTWDRKST,29.98
https://www.amazon.com/dp/B0BWV1MSBT,29.98
https://www.amazon.com/dp/B0BX4N28KN,44.98
https://www.amazon.com/dp/B0BV2W4489,46.98
https://www.amazon.com/dp/B0BXHKYVZZ,69.98
https://www.amazon.com/dp/B0BV3G7BPC,89.98
https://www.amazon.com/dp/B0BXJ9RJNF,23.98
https://www.amazon.com/dp/B0BT821V7Z,47.98
https://www.amazon.com/dp/B0BTDT6M2B,129.98
https://www.amazon.com/dp/B093MHVYQ2,10.00
https://www.amazon.com/dp/B0BW3N57KV,74.98
https://www.amazon.com/dp/B0BVKXT2Q7,64.98
https://www.amazon.com/dp/B0BTMWJCPN,54.98
https://www.amazon.com/dp/B0BWMVCFQK,84.98
https://www.amazon.com/dp/B0BYTSQBQG,104.98
https://www.amazon.com/dp/B0BW723K4R,44.98
https://www.amazon.com/dp/B07HY9Q3CT,5.75
https://www.amazon.com/dp/B0BYPJ14PT,34.98
https://www.amazon.com/dp/B0C14VQ2XZ,46.98
https://www.amazon.com/dp/B0BW3V3NTW,49.98
https://www.amazon.com/dp/B0BYWXNGNG,69.98
https://www.amazon.com/dp/B0BSFVXB7J,29.98
https://www.amazon.com/dp/B0BSVK5YVL,37.98
https://www.amazon.com/dp/B0BVBR35ZM,35.98
https://www.amazon.com/dp/B0BYSCXJ4C,14.98
https://www.amazon.com/dp/B0BWLH9JBQ,159.98
https://www.amazon.com/dp/B0BSCCZS2Q,64.98
https://www.amazon.com/dp/B0BV7YH828,79.98
https://www.amazon.com/dp/B0BWS51C3C,49.98
https://www.amazon.com/dp/B0BXJ8Q6ZP,39.98
https://www.amazon.com/dp/B0BXJ95J8B,59.98
https://www.amazon.com/dp/B0BVJGQ4VH,59.98
https://www.amazon.com/dp/B0BX6MKK3X,39.98
https://www.amazon.com/dp/B0BVQVSK1L,39.98
https://www.amazon.com/dp/B0BY42GPG1,19.98
https://www.amazon.com/dp/B0BTZCF35Z,67.98
https://www.amazon.com/dp/B0BYSTYQWN,124.98
https://www.amazon.com/dp/B0BS3RDYC5,152.98
https://www.amazon.com/dp/B0BXY4H5B8,18.98
https://www.amazon.com/dp/B0BX5Z49FF,27.98
https://www.amazon.com/dp/B0BXFDT41H,29.98
https://www.amazon.com/dp/B0BTBSTCH1,47.98
https://www.amazon.com/dp/B0BWK5RSMM,44.98
https://www.amazon.com/dp/B0BYSD1QP9,55.95
https://www.amazon.com/dp/B0BVKC7C9S,54.98
https://www.amazon.com/dp/B0BTB478K3,69.98
https://www.amazon.com/dp/B0BWWLXTCS,39.98
https://www.amazon.com/dp/B0BTM5N2QD,69.98
https://www.amazon.com/dp/B0BWFRZZ8C,59.98
https://www.amazon.com/dp/B0BTQ4K22N,46.98
https://www.amazon.com/dp/B0BT8CRHPC,89.98
https://www.amazon.com/dp/B0BV2TR33F,67.98
https://www.amazon.com/dp/B0BTWCTBLV,15.98
https://www.amazon.com/dp/B0BTZ3FSN9,84.98
https://www.amazon.com/dp/B0BX9DXNPQ,36.98
https://www.amazon.com/dp/B0BY6QBML8,59.98
https://www.amazon.com/dp/B0BWW71C8P,39.98
https://www.amazon.com/dp/B0BY55HDCS,79.98
https://www.amazon.com/dp/B0BSR3N4T1,20.98
https://www.amazon.com/dp/B0BWXLNZRN,17.98
https://www.amazon.com/dp/B0BTTP4R83,37.98
https://www.amazon.com/dp/B0BTTQ25Q2,89.98
https://www.amazon.com/dp/B0BVL2T615,44.98
https://www.amazon.com/dp/B0BX3Y3BSW,25.98
https://www.amazon.com/dp/B0BXQFWTXM,54.98
https://www.amazon.com/dp/B0BTHZQZ99,44.98
https://www.amazon.com/dp/B005HJO52I,33.89
https://www.amazon.com/dp/B0BTB1HX1G,88.98
https://www.amazon.com/dp/B0BTYRZQRP,159.98
https://www.amazon.com/dp/B0BXB1YZJS,21.98
https://www.amazon.com/dp/B0BMQNPLCM,19.98
https://www.amazon.com/dp/B0BV6RC5ZC,49.98
https://www.amazon.com/dp/B0BSHFZSKX,42.98
https://www.amazon.com/dp/B0BT8FGDCD,20.98
https://www.amazon.com/dp/B0BT8FYPMX,48.98
https://www.amazon.com/dp/B0BSTB9YRB,79.98
https://www.amazon.com/dp/B0BT836VGD,89.98
https://www.amazon.com/dp/B0BYTRFKS9,39.98
https://www.amazon.com/dp/B0BS4871WL,89.98
https://www.amazon.com/dp/B0BZ4PH4Y3,69.98
https://www.amazon.com/dp/B0BW457Z3H,69.98
https://www.amazon.com/dp/B0BWXLK4TH,13.98
https://www.amazon.com/dp/B0BYCQKGR6,54.98
https://www.amazon.com/dp/B0BTBNMV4K,129.98
https://www.amazon.com/dp/B0BTDSVR6H,79.98
https://www.amazon.com/dp/B0BX63GM2C,39.98
https://www.amazon.com/dp/B0BY42F7N9,39.98
https://www.amazon.com/dp/B0BVKD2DRH,37.98
https://www.amazon.com/dp/B0BTDWGYNJ,32.98
https://www.amazon.com/dp/B0BTTL6YYN,69.98
https://www.amazon.com/dp/B0BVZH7P9G,44.98
https://www.amazon.com/dp/B0BW46F4Q8,89.98
https://www.amazon.com/dp/B0BVHXKLXY,40.98
https://www.amazon.com/dp/B0BW62GWC6,15.98
https://www.amazon.com/dp/B0BWJYL5DC,159.98
https://www.amazon.com/dp/B0BTJ9V64J,39.98
https://www.amazon.com/dp/B0BVKXDV9J,34.98
https://www.amazon.com/dp/B0BVRGQ1LY,16.98
https://www.amazon.com/dp/B0BVPYGBHV,29.98
https://www.amazon.com/dp/B0BV39BBPS,27.98
https://www.amazon.com/dp/B0BM4NFBTD,31.98
https://www.amazon.com/dp/B0BS3XJ66Q,139.98
https://www.amazon.com/dp/B0BYWY5HRK,25.98
https://www.amazon.com/dp/B0BVRH7J21,44.98
https://www.amazon.com/dp/B0BTYPF5FS,84.98
https://www.amazon.com/dp/B0BSR4GXBY,27.98
https://www.amazon.com/dp/B0BSV23ZFQ,37.98
https://www.amazon.com/dp/B0BYTT2TGD,69.98
https://www.amazon.com/dp/B0BVKFY51M,19.98
https://www.amazon.com/dp/B0BWZ1S6CW,32.98
https://www.amazon.com/dp/B0BT16RBTW,49.98
https://www.amazon.com/dp/B0BZ4TVGX1,129.98
https://www.amazon.com/dp/B0BTBVVLZ5,89.98
https://www.amazon.com/dp/B0BTC9MQGP,64.98
https://www.amazon.com/dp/B0BX5S4PPG,16.98
https://www.amazon.com/dp/B0BW44W8F3,49.98
https://www.amazon.com/dp/B0BVTVPJ5T,44.98
https://www.amazon.com/dp/B0BVJ38YMF,34.98
https://www.amazon.com/dp/B0BS47MQPB,24.98
https://www.amazon.com/dp/B0BW5GTF2K,99.98
https://www.amazon.com/dp/B0BV3DZPCS,169.98
https://www.amazon.com/dp/B0BWXNBKX9,67.98
https://www.amazon.com/dp/B0BSS3D6XY,89.98
https://www.amazon.com/dp/B07BB37T35,7.95
https://www.amazon.com/dp/B0BXQFKLZK,43.98
https://www.amazon.com/dp/B0BVKBNN7M,25.98
https://www.amazon.com/dp/B0BT7VJP7T,25.98
https://www.amazon.com/dp/B0BX4P8PCS,16.98
https://www.amazon.com/dp/B0BV6Z7W4Q,149.98
https://www.amazon.com/dp/B0BYCR74MB,77.98
https://www.amazon.com/dp/B0BYX18KLC,39.98
https://www.amazon.com/dp/B0BSFKHR4H,28.98
https://www.amazon.com/dp/B0BS9N7WXC,16.98
https://www.amazon.com/dp/B0BWW8BDSC,56.98
https://www.amazon.com/dp/B0BNTM57D9,42.98
https://www.amazon.com/dp/B0BVW7C7LH,39.98
https://www.amazon.com/dp/B0BSLNKGN5,30.98
https://www.amazon.com/dp/B0BYSGYWFK,39.98
https://www.amazon.com/dp/B0BWWLWWBQ,59.98
https://www.amazon.com/dp/B0BXCTT88N,169.98
https://www.amazon.com/dp/B08S3CG13F,133.34
https://www.amazon.com/dp/B0BTWCJHWS,44.98
https://www.amazon.com/dp/B0BW7C1JLT,179.98
https://www.amazon.com/dp/B0BSFYNTLH,129.98
https://www.amazon.com/dp/B0BWXN5F2G,27.98
https://www.amazon.com/dp/B0BMQR7F6C,19.98
https://www.amazon.com/dp/B0BVKSGTZV,52.98
https://www.amazon.com/dp/B0BV2TLW73,26.98
https://www.amazon.com/dp/B08MJTC2WV,116.83
https://www.amazon.com/dp/B0BM56N326,29.98
https://www.amazon.com/dp/B0BZ5445TM,23.98
https://www.amazon.com/dp/B0BXCSG97V,27.98
https://www.amazon.com/dp/B0BSS9R354,24.98
https://www.amazon.com/dp/B0C16J4XHP,26.98
https://www.amazon.com/dp/B0BXHGN9V6,49.98
https://www.amazon.com/dp/B0BWK44T2V,84.98
https://www.amazon.com/dp/B0BSCDRW77,89.98
https://www.amazon.com/dp/B0BX9R71KC,34.98
https://www.amazon.com/dp/B0BTJ1L124,77.98
https://www.amazon.com/dp/B0BVJHCRZZ,49.98
https://www.amazon.com/dp/B0BY7XPCFS,34.98
https://www.amazon.com/dp/B0BT4MNJ63,29.98
https://www.amazon.com/dp/B0BVW4PQXJ,24.98
https://www.amazon.com/dp/B0BXPTFRKH,54.98
https://www.amazon.com/dp/B08YRK2DM8,12.99
https://www.amazon.com/dp/B0BTM4Y1PV,29.98
https://www.amazon.com/dp/B0BTQ33TBS,36.98
https://www.amazon.com/dp/B0BVPPQMY2,86.98
https://www.amazon.com/dp/B0BSLNS6YM,70.98
https://www.amazon.com/dp/B0BX4HVDX7,29.98
https://www.amazon.com/dp/B0BVHYWG9S,97.98
https://www.amazon.com/dp/B0BVKGQ9LY,42.98
https://www.amazon.com/dp/B0BW3VPY4S,69.98
https://www.amazon.com/dp/B0BVFWHG5C,34.98
https://www.amazon.com/dp/B0BT22VX77,94.98
https://www.amazon.com/dp/B0BSG316SY,48.98
https://www.amazon.com/dp/B0BXHF5VYG,27.98
https://www.amazon.com/dp/B0BWXLZ6GF,47.98
https://www.amazon.com/dp/B0C14SQT1V,67.98
https://www.amazon.com/dp/B0BVL54WX1,24.98
https://www.amazon.com/dp/B0BSG2GF35,89.98
https://www.amazon.com/dp/B0BLVK2CD8,39.98
https://www.amazon.com/dp/B001C1QY4M,86.00
https://www.amazon.com/dp/B0BTPKMD6Y,12.98
https://www.amazon.com/dp/B0BM7K8LYQ,23.98
https://www.amazon.com/dp/B0BXFK4PXJ,59.98
https://www.amazon.com/dp/B0BSCH4TV2,57.98
https://www.amazon.com/dp/B0BTM4CW9R,47.98
https://www.amazon.com/dp/B0BT1JVBRW,129.98
https://www.amazon.com/dp/B0BXSJXZC4,54.98
https://www.amazon.com/dp/B0BVWPKZC9,49.98
https://www.amazon.com/dp/B0BSXM4MSS,189.98
https://www.amazon.com/dp/B0BSV7L912,27.98
https://www.amazon.com/dp/B0BVQX4PDN,19.98
https://www.amazon.com/dp/B0BVJ2QL35,22.98
https://www.amazon.com/dp/B0BTW6SYC8,129.98
https://www.amazon.com/dp/B0BS9LQ8FQ,59.98
https://www.amazon.com/dp/B0BWLY3YBR,84.98
https://www.amazon.com/dp/B0BWFSJWP6,49.98
https://www.amazon.com/dp/B0BTDVBLSL,74.98
https://www.amazon.com/dp/B08X7KS74X,7.95
https://www.amazon.com/dp/B09WG4PK8T,15.99
https://www.amazon.com/dp/B0BT8FHWJV,119.98
https://www.amazon.com/dp/B0BX6PTFV5,27.98
https://www.amazon.com/dp/B08YRMVQ7D,12.99
https://www.amazon.com/dp/B0BTTF4644,49.98
https://www.amazon.com/dp/B0BWW7J3TM,29.98
https://www.amazon.com/dp/B0BVG3VV2N,62.98
https://www.amazon.com/dp/B0BTTK1Z8S,18.98
https://www.amazon.com/dp/B0BVBDJYVD,24.98
https://www.amazon.com/dp/B0BTW7XF1F,69.98
https://www.amazon.com/dp/B0BX9QVF9R,83.98
https://www.amazon.com/dp/B0BSFYPBML,99.98
https://www.amazon.com/dp/B0BT9GYBJJ,69.98
https://www.amazon.com/dp/B0BT89V1YR,69.98
https://www.amazon.com/dp/B0BWTKZ8BK,39.98
https://www.amazon.com/dp/B0BTW7J78X,25.98
https://www.amazon.com/dp/B0BV2TQSNV,
https://www.amazon.com/dp/B0BT9DWNS1,39.98
https://www.amazon.com/dp/B0BT7VGFL1,119.98
https://www.amazon.com/dp/B0BLZ18YRJ,69.98
https://www.amazon.com/dp/B0BV88XGT8,79.98
https://www.amazon.com/dp/B0BTPJTZW7,9.98
https://www.amazon.com/dp/B0BVJ47G1V,26.98
https://www.amazon.com/dp/B0BS49KKMV,64.98
https://www.amazon.com/dp/B0BX6KLK44,69.98
https://www.amazon.com/dp/B0BX9DXQKX,19.98
https://www.amazon.com/dp/B0BT57SZ4V,57.98
https://www.amazon.com/dp/B0BY3XCR51,25.98
https://www.amazon.com/dp/B0BY7ZRNG4,79.98
https://www.amazon.com/dp/B0BXGXWWWZ,59.98
https://www.amazon.com/dp/B0BSR4NX6S,57.98
https://www.amazon.com/dp/B08VF8F3DK,15.99
https://www.amazon.com/dp/B0BVG576NC,174.98
https://www.amazon.com/dp/B0BS9MP7HC,34.98
https://www.amazon.com/dp/B0BSR3QYJQ,39.98
https://www.amazon.com/dp/B0BW5JQZWT,139.98
https://www.amazon.com/dp/B0BVQ4RNCN,68.98
https://www.amazon.com/dp/B0BWHVMBGX,44.98
https://www.amazon.com/dp/B0BXLLJLQK,69.98
https://www.amazon.com/dp/B0BSLM3PTQ,40.98
https://www.amazon.com/dp/B0BSH4W6ZJ,54.98
https://www.amazon.com/dp/B0BSLTWP6P,27.98
https://www.amazon.com/dp/B0BTB2Z382,169.98
https://www.amazon.com/dp/B0BWR3QLTC,32.98
https://www.amazon.com/dp/B0BW3R6XFS,59.98
https://www.amazon.com/dp/B0BTW5S225,139.98
https://www.amazon.com/dp/B0BVFYNQCS,174.98
https://www.amazon.com/dp/B0BS3XSL9K,15.98
https://www.amazon.com/dp/B0BS3WZX82,119.98
https://www.amazon.com/dp/B0BT8DS169,47.98
https://www.amazon.com/dp/B0BW2QPXXY,24.98
https://www.amazon.com/dp/B0C16LVY6J,84.98
https://www.amazon.com/dp/B0BTHZF3TD,34.98
https://www.amazon.com/dp/B0BT21WN9G,69.98
https://www.amazon.com/dp/B0BT8BXYLH,119.98
https://www.amazon.com/dp/B0BVRRWG2N,29.98
https://www.amazon.com/dp/B0BYJQJFZC,20.98
https://www.amazon.com/dp/B0C16J9H41,15.98
https://www.amazon.com/dp/B0BTVR8FM9,25.98
https://www.amazon.com/dp/B0BWTY22SK,69.98
https://www.amazon.com/dp/B0BWTY7CZN,19.98
https://www.amazon.com/dp/B0BW2LCQCK,67.98
https://www.amazon.com/dp/B0BZ53438L,62.98
https://www.amazon.com/dp/B0BT1CVHNS,62.98
https://www.amazon.com/dp/B0BSTTT7R9,34.98
https://www.amazon.com/dp/B0BW63SX4T,27.98
https://www.amazon.com/dp/B0BW6ZCRK5,84.98
https://www.amazon.com/dp/B0BTWCSRFM,12.98
https://www.amazon.com/dp/B0BTTQN8DQ,55.98
https://www.amazon.com/dp/B0BWWVWWJZ,53.98
https://www.amazon.com/dp/B0BTTFRP58,37.98
https://www.amazon.com/dp/B0BV72VGFV,79.98
https://www.amazon.com/dp/B0BXF195RJ,47.98
https://www.amazon.com/dp/B0BSR2XQ7B,76.98
https://www.amazon.com/dp/B0BTJ9D217,54.98
https://www.amazon.com/dp/B0BX4N93WX,29.98
https://www.amazon.com/dp/B0BTZ9Z6ZD,
https://www.amazon.com/dp/B0BW3BMQBB,49.98
https://www.amazon.com/dp/B0BTB2TG1W,89.98
https://www.amazon.com/dp/B0BVJ3638F,219.98
https://www.amazon.com/dp/B0BXX8G2WG,188.00
https://www.amazon.com/dp/B0BX95WG1M,25.98
https://www.amazon.com/dp/B0BX9DPYGS,59.98
https://www.amazon.com/dp/B0BVFWZHTY,119.98
https://www.amazon.com/dp/B0BX9DF24J,15.98
https://www.amazon.com/dp/B0BVGC935T,119.98
https://www.amazon.com/dp/B0BVL232GD,54.98
https://www.amazon.com/dp/B0BVGBP46V,219.98
https://www.amazon.com/dp/B0BVGHN4W8,174.98
https://www.amazon.com/dp/B0BS419NVQ,29.98
https://www.amazon.com/dp/B0BXB46RPF,194.98
https://www.amazon.com/dp/B0BS3WMTD4,27.98
https://www.amazon.com/dp/B0BS99RWG2,99.98
https://www.amazon.com/dp/B005HJO21M,33.90
https://www.amazon.com/dp/B0BXHFHFFZ,84.98
https://www.amazon.com/dp/B0BTPNL97F,19.98
https://www.amazon.com/dp/B0BYSDV3BC,35.98
https://www.amazon.com/dp/B0BX9355XK,36.98
https://www.amazon.com/dp/B08V2ZPZ1H,15.99
https://www.amazon.com/dp/B0BXSH3JR4,19.98
https://www.amazon.com/dp/B0BZ54YDDW,42.98
https://www.amazon.com/dp/B0BVBLH6QT,44.98
https://www.amazon.com/dp/B0BTZ9TH5C,29.98
https://www.amazon.com/dp/B0BSJ1SNMM,55.98
https://www.amazon.com/dp/B0BTPJHDVL,14.98
https://www.amazon.com/dp/B08YQPDZQC,12.99
https://www.amazon.com/dp/B0BWYPWNF5,57.98
https://www.amazon.com/dp/B0BSHJ4NNN,17.98
https://www.amazon.com/dp/B0BVJ16YXF,119.98
https://www.amazon.com/dp/B0BS492DZ2,46.98
https://www.amazon.com/dp/B0BSFZHM19,59.98
https://www.amazon.com/dp/B0BVBW57GQ,51.98
https://www.amazon.com/dp/B0BTWJVRZY,42.98
https://www.amazon.com/dp/B0BTB28TMB,249.98
https://www.amazon.com/dp/B0BXPJ3P17,67.98
https://www.amazon.com/dp/B0BVJ27PM5,42.98
https://www.amazon.com/dp/B0BW59LJY1,43.98
https://www.amazon.com/dp/B0BXXNH1LW,52.98
https://www.amazon.com/dp/B0BXGXK2RB,39.98
https://www.amazon.com/dp/B0BT4SHR5B,19.98
https://www.amazon.com/dp/B0BWTMH752,59.98
https://www.amazon.com/dp/B0BT4VM535,37.98
https://www.amazon.com/dp/B0BSS8G1R7,48.98
https://www.amazon.com/dp/B0BW62Z3YZ,49.98
https://www.amazon.com/dp/B08YRD6NGT,12.99
https://www.amazon.com/dp/B09TTRZ1WS,7.96
https://www.amazon.com/dp/B0BY7ZWHM8,49.98
https://www.amazon.com/dp/B0BSCD5QCM,109.98
https://www.amazon.com/dp/B0BWWWDZ7W,33.98
https://www.amazon.com/dp/B0BSXM3HQZ,129.98
https://www.amazon.com/dp/B0BSHCVQQ9,329.98
https://www.amazon.com/dp/B0BWNWH68G,44.98
https://www.amazon.com/dp/B0BTM43SY7,89.98
https://www.amazon.com/dp/B0BSG1WWHB,27.98
https://www.amazon.com/dp/B0BX611MPJ,15.98
https://www.amazon.com/dp/B0BW7275HK,44.98
https://www.amazon.com/dp/B0BSLPKM2J,15.98
https://www.amazon.com/dp/B0BTTQGHNL,129.98
https://www.amazon.com/dp/B0BSNNSGGR,29.98
https://www.amazon.com/dp/B0BYFY5BZ4,97.98
https://www.amazon.com/dp/B0BVG3XXR2,62.98
https://www.amazon.com/dp/B0BTPH4Y8M,19.98
https://www.amazon.com/dp/B0BTMYY99S,99.98
https://www.amazon.com/dp/B0BTB2H6YV,24.98
https://www.amazon.com/dp/B09XNCVGLZ,10.99
https://www.amazon.com/dp/B0BT8CXRH7,19.98
https://www.amazon.com/dp/B0BT1XKTJW,22.98
https://www.amazon.com/dp/B0BY3WWRXB,44.98
https://www.amazon.com/dp/B0BVRKSWRR,44.98
https://www.amazon.com/dp/B0BWS44QP1,24.98
https://www.amazon.com/dp/B0BZ4PXMGK,49.98
https://www.amazon.com/dp/B0BVBJBSKN,84.98
https://www.amazon.com/dp/B0BS1NTK6Y,16.98
https://www.amazon.com/dp/B0BT8F8JD3,70.98
https://www.amazon.com/dp/B0BTYVG2CY,44.98
https://www.amazon.com/dp/B0BXQL3PFF,31.98
https://www.amazon.com/dp/B0BSS871WQ,14.98
https://www.amazon.com/dp/B0BT5P3XCD,22.98
https://www.amazon.com/dp/B0BVZCLPK6,39.98
https://www.amazon.com/dp/B0BTJ8YHC9,14.98
https://www.amazon.com/dp/B0BXB5YMCF,14.98
https://www.amazon.com/dp/B0BYF6PWBL,97.98
https://www.amazon.com/dp/B0BTYTBTWY,84.98
https://www.amazon.com/dp/B0BT81M1R9,69.98
https://www.amazon.com/dp/B0BY7XV8TC,109.98
https://www.amazon.com/dp/B0BST8L7PC,24.98
https://www.amazon.com/dp/B0BVBS1T2W,16.98
https://www.amazon.com/dp/B0BTT7KKKM,37.98
https://www.amazon.com/dp/B0BSLNNVT8,56.98
https://www.amazon.com/dp/B0BXLMLCNR,19.98
https://www.amazon.com/dp/B0BZ4TK75Q,89.98
https://www.amazon.com/dp/B0BT2224QH,149.98
https://www.amazon.com/dp/B0BT8219Y4,29.98
https://www.amazon.com/dp/B0BST9GHP1,25.98
https://www.amazon.com/dp/B0BXSKMG4R,43.98
https://www.amazon.com/dp/B0BT7RL3PV,36.98
https://www.amazon.com/dp/B0BM82CN41,49.98
https://www.amazon.com/dp/B0BWS2PZBY,39.98
https://www.amazon.com/dp/B0BW2NW67F,39.98
https://www.amazon.com/dp/B0BXPVJQ11,43.98
https://www.amazon.com/dp/B0BT9ZTYTK,27.98
https://www.amazon.com/dp/B0BTC8KXP7,89.98
https://www.amazon.com/dp/B005967DN2,92.99
https://www.amazon.com/dp/B0BT54FJTS,52.98
https://www.amazon.com/dp/B0BTBTWKXQ,69.98
https://www.amazon.com/dp/B0BSVJ99TW,16.98
https://www.amazon.com/dp/B0BNNRVR2P,22.99
https://www.amazon.com/dp/B0BS9X8K6F,178.98
https://www.amazon.com/dp/B0BV3DXKVY,59.98
https://www.amazon.com/dp/B0BX91PKGJ,49.98
https://www.amazon.com/dp/B0BYSYDGFF,79.98
https://www.amazon.com/dp/B0BXB56NKR,47.98
https://www.amazon.com/dp/B0BSXLH6KC,35.98
https://www.amazon.com/dp/B0BTB1VRT7,129.98
https://www.amazon.com/dp/B0BTC7L3NM,21.98
https://www.amazon.com/dp/B08LBLPV6S,7.95
https://www.amazon.com/dp/B0BXPQ5QQS,44.98
https://www.amazon.com/dp/B0BVJGFXM4,69.98
https://www.amazon.com/dp/B0BTWJXKNX,27.98
https://www.amazon.com/dp/B0BXB4HPWF,14.98
https://www.amazon.com/dp/B0BSS539J3,47.98
https://www.amazon.com/dp/B0BX645ZWZ,15.98
https://www.amazon.com/dp/B0BTC2MQLD,89.98
https://www.amazon.com/dp/B0BSFVMF5N,86.98
https://www.amazon.com/dp/B0BST8DCKH,63.98
https://www.amazon.com/dp/B0BXQL2JCR,19.98
https://www.amazon.com/dp/B0BV71TLD8,44.98
https://www.amazon.com/dp/B0BXY556TS,32.98
https://www.amazon.com/dp/B0BXCSW94X,15.98
https://www.amazon.com/dp/B0BS57SCXX,
https://www.amazon.com/dp/B0BSFN9CWX,53.98
https://www.amazon.com/dp/B0BV38R27B,19.98
https://www.amazon.com/dp/B0BTBV39K8,19.98
https://www.amazon.com/dp/B0BXPRHN7T,67.98
https://www.amazon.com/dp/B0BX4GXH8C,16.98
https://www.amazon.com/dp/B0BVPQ6SQR,125.98
https://www.amazon.com/dp/B0BTB2Q6CD,47.98
https://www.amazon.com/dp/B0BVHYV8Q6,17.98
https://www.amazon.com/dp/B0BXHH6KZF,69.98
https://www.amazon.com/dp/B0BY9CBHMS,20.98
https://www.amazon.com/dp/B0BV3DTBTX,47.98
https://www.amazon.com/dp/B0BTWHG81C,81.98
https://www.amazon.com/dp/B0BVZG3K84,29.98
https://www.amazon.com/dp/B0BWFL3PZD,159.98
https://www.amazon.com/dp/B0BTPGZBFB,26.98
https://www.amazon.com/dp/B0BSV818L7,83.98
https://www.amazon.com/dp/B0BVGKG4VZ,34.98
https://www.amazon.com/dp/B0BT8GP745,30.98
https://www.amazon.com/dp/B0BW9H7YCR,159.98
https://www.amazon.com/dp/B0BY6SVQYF,49.98
https://www.amazon.com/dp/B0BVWMMJ2H,69.98
https://www.amazon.com/dp/B0BVGKDDDS,319.98
https://www.amazon.com/dp/B0BTZD3JRB,26.98
https://www.amazon.com/dp/B0BT4Y52TZ,54.98
https://www.amazon.com/dp/B0BX96XQWS,104.98
https://www.amazon.com/dp/B0BT4W7683,12.98
https://www.amazon.com/dp/B0BS3R3BZ1,99.98
https://www.amazon.com/dp/B0BY6S7ST3,37.98
https://www.amazon.com/dp/B0BSLQ68MK,39.98
https://www.amazon.com/dp/B005HJO87K,34.89
https://www.amazon.com/dp/B0BLZ9SY5N,19.98
https://www.amazon.com/dp/B0BXPX8QRM,19.98
https://www.amazon.com/dp/B0BVQWDZJV,29.98
https://www.amazon.com/dp/B0BX9P99TY,47.98
https://www.amazon.com/dp/B0BSLRZ85S,38.98
https://www.amazon.com/dp/B0BT755J31,129.98
https://www.amazon.com/dp/B0BT17S81D,39.98
https://www.amazon.com/dp/B0BWLLP1D3,84.98
https://www.amazon.com/dp/B0BXHHGXFC,48.98
https://www.amazon.com/dp/B0BSCZTNN8,89.98
https://www.amazon.com/dp/B0BYF7M8QC,77.98
https://www.amazon.com/dp/B0BTYZW9YN,44.98
https://www.amazon.com/dp/B0BW5TB5MN,69.98
https://www.amazon.com/dp/B0BVM9KT9B,29.98
https://www.amazon.com/dp/B0BW5WQK5C,70.98
https://www.amazon.com/dp/B0BW9HCMNH,84.98
https://www.amazon.com/dp/B0BXCVR5BY,74.98
https://www.amazon.com/dp/B0BSTV55BR,97.98
https://www.amazon.com/dp/B0BTV5RFBC,17.98
https://www.amazon.com/dp/B0BSS916FB,34.98
https://www.amazon.com/dp/B0BVKCR8KZ,14.98
https://www.amazon.com/dp/B0BVM7Y9JX,19.98
https://www.amazon.com/dp/B0BS9WGY26,122.98
https://www.amazon.com/dp/B0BXCTVG2K,59.98
https://www.amazon.com/dp/B0BXLL2V5J,49.98
https://www.amazon.com/dp/B0BVCS2JFR,62.98
https://www.amazon.com/dp/B0BVG44D2K,174.98
https://www.amazon.com/dp/B0BT8BDBZ7,47.98
https://www.amazon.com/dp/B0BY3W9V6D,19.98
https://www.amazon.com/dp/B07V8KRMQN,47.99
https://www.amazon.com/dp/B0BSR37X3D,30.98
https://www.amazon.com/dp/B0BT54HZJK,29.98
https://www.amazon.com/dp/B0BY57638V,64.98
https://www.amazon.com/dp/B0BSFW3NQY,68.98
https://www.amazon.com/dp/B0BSXKSN8Q,67.98
https://www.amazon.com/dp/B08KKD9X2H,8.95
https://www.amazon.com/dp/B0BT9FVYBY,98.98
https://www.amazon.com/dp/B0BV3CTVQ3,79.98
https://www.amazon.com/dp/B0BVG8GHRS,34.98
https://www.amazon.com/dp/B0BT563DM3,83.98
https://www.amazon.com/dp/B0BVM948S9,59.98
https://www.amazon.com/dp/B0BV7ML8QX,44.98
https://www.amazon.com/dp/B0BXLJVLJ3,29.98
https://www.amazon.com/dp/B0BWFRPN3P,69.98
https://www.amazon.com/dp/B0BT1HHJ95,129.98
https://www.amazon.com/dp/B0BWXLX6LJ,37.98
https://www.amazon.com/dp/B0BTPMT91T,29.98
https://www.amazon.com/dp/B0BW7BMSVJ,54.98
https://www.amazon.com/dp/B0BTTPN93L,30.98
https://www.amazon.com/dp/B0BYF78RZ2,54.98
https://www.amazon.com/dp/B0BSG1RYSR,17.98
https://www.amazon.com/dp/B0BSCFJD4Y,85.98
https://www.amazon.com/dp/B0BTC9NKPH,38.98
https://www.amazon.com/dp/B0BXJ8GZ5B,49.98
https://www.amazon.com/dp/B0BSCFW992,49.98
https://www.amazon.com/dp/B0BSHBQX55,259.98
https://www.amazon.com/dp/B0BYTRWQNL,14.98
https://www.amazon.com/dp/B0BXB4FZLC,104.98
https://www.amazon.com/dp/B0BVJGHT89,15.98
https://www.amazon.com/dp/B0BTC622PK,159.98
https://www.amazon.com/dp/B0BWLSJGH6,159.98
https://www.amazon.com/dp/B0BVJ41H49,32.98
https://www.amazon.com/dp/B0BTW7BXWM,109.98
https://www.amazon.com/dp/B0BVKYWL44,44.98
https://www.amazon.com/dp/B0BSCGY5M3,159.98
https://www.amazon.com/dp/B0BV86FGKD,149.98
https://www.amazon.com/dp/B0BVTLZCL8,29.98
https://www.amazon.com/dp/B0BSD17QWG,47.98
https://www.amazon.com/dp/B0BTJ2C876,24.98
https://www.amazon.com/dp/B0BT7V41VS,104.98
https://www.amazon.com/dp/B0BY55YST8,29.98
https://www.amazon.com/dp/B0BXFGMCGH,49.98
https://www.amazon.com/dp/B0BVKSBDPW,22.98
https://www.amazon.com/dp/B0BWHZSG4S,24.98
https://www.amazon.com/dp/B0BW5KBCSJ,54.98
https://www.amazon.com/dp/B0BTYQW8K6,159.98
https://www.amazon.com/dp/B0BS1R5DN3,35.98
https://www.amazon.com/dp/B0BZ83WPZF,23.98
https://www.amazon.com/dp/B0BWWS96F7,73.98
https://www.amazon.com/dp/B0BVG569HQ,319.98
https://www.amazon.com/dp/B0BV6ZTVP2,84.98
https://www.amazon.com/dp/B0BT8BFQC3,89.98
https://www.amazon.com/dp/B0BVJ4C134,14.98
https://www.amazon.com/dp/B0BYSFL5PH,45.98
https://www.amazon.com/dp/B0BWZ1D9K8,19.98
https://www.amazon.com/dp/B0BT8CMBF4,64.98
https://www.amazon.com/dp/B0BWJ4S8T8,14.98
https://www.amazon.com/dp/B0BT4WSVZT,29.98
https://www.amazon.com/dp/B00CJMHQDQ,39.90
https://www.amazon.com/dp/B0BSNN6ML6,79.98
https://www.amazon.com/dp/B0BSR5SQDC,75.98
https://www.amazon.com/dp/B0BXXC3L24,19.98
https://www.amazon.com/dp/B0BT8B5SZJ,29.98
https://www.amazon.com/dp/B0BTZXPDR7,46.98
https://www.amazon.com/dp/B0BVG1JKJP,319.98
https://www.amazon.com/dp/B0BTMWP44T,99.98
https://www.amazon.com/dp/B08YRG1NXD,12.99
https://www.amazon.com/dp/B0BV6QY96M,179.98
https://www.amazon.com/dp/B0BYTSTTBV,27.98
https://www.amazon.com/dp/B0BS9975DC,189.98
https://www.amazon.com/dp/B0BSLRFHTY,59.98
https://www.amazon.com/dp/B0BS3PKGCX,39.98
https://www.amazon.com/dp/B0BTB1NMJ9,45.98
https://www.amazon.com/dp/B0BWHZHVYL,14.98
https://www.amazon.com/dp/B0BY4125D3,14.98
https://www.amazon.com/dp/B0BXF994ZY,25.98
https://www.amazon.com/dp/B0BT89R9V7,119.98
https://www.amazon.com/dp/B0BSS5115D,39.98
https://www.amazon.com/dp/B0BTHY86F9,53.98
https://www.amazon.com/dp/B0BX6NJYCK,15.98
https://www.amazon.com/dp/B0BT8CXN6Y,69.98
https://www.amazon.com/dp/B0BVJG8RK2,89.98
https://www.amazon.com/dp/B0BTDSFX95,54.98
https://www.amazon.com/dp/B0BX9PYS87,13.98
https://www.amazon.com/dp/B0BWWSDX5S,43.98
https://www.amazon.com/dp/B0BX62BCYM,39.98
https://www.amazon.com/dp/B0BVJ3F59F,174.98
https://www.amazon.com/dp/B0BVCJLM2B,319.98
https://www.amazon.com/dp/B0BXB1VTPY,34.98
https://www.amazon.com/dp/B0BTZD2SQT,15.98
https://www.amazon.com/dp/B0BT4T7L2W,12.98
https://www.amazon.com/dp/B0BT9G331S,49.98
https://www.amazon.com/dp/B0BVCNH9FQ,219.98
https://www.amazon.com/dp/B0BY53ZJK3,39.98
https://www.amazon.com/dp/B0BSVHMGK6,26.98
https://www.amazon.com/dp/B0BS3QYXXJ,57.98
https://www.amazon.com/dp/B0BM85P5FV,18.98
https://www.amazon.com/dp/B0BYCLZRHR,29.98
https://www.amazon.com/dp/B0BN4BBNJZ,14.98
https://www.amazon.com/dp/B0BSLN92KC,69.98
https://www.amazon.com/dp/B0C16J9H3Y,47.98
https://www.amazon.com/dp/B0BY428G3R,49.98
https://www.amazon.com/dp/B0BXCV3KWL,104.98
https://www.amazon.com/dp/B0BTB3YFYN,19.98
https://www.amazon.com/dp/B0BSCGH9P2,29.98
https://www.amazon.com/dp/B0BVKTM21M,32.98
https://www.amazon.com/dp/B0BXB4357V,104.98
https://www.amazon.com/dp/B0BT8BRYV8,84.98
https://www.amazon.com/dp/B0BWFKWQGQ,84.98
https://www.amazon.com/dp/B0BTBM63LN,29.98
https://www.amazon.com/dp/B0BS9W2KBM,98.98
https://www.amazon.com/dp/B0BWYQB85B,79.98
https://www.amazon.com/dp/B0BXPNZW46,54.98
https://www.amazon.com/dp/B0BW5R9XMM,39.98
https://www.amazon.com/dp/B0BWJ4GBCD,24.98
https://www.amazon.com/dp/B0BVJ3VKH4,18.98
https://www.amazon.com/dp/B0BTT994GR,63.98
https://www.amazon.com/dp/B0BMW48MJM,19.98
https://www.amazon.com/dp/B0BVG3JY2K,119.98
https://www.amazon.com/dp/B0BX66YMWL,27.98
https://www.amazon.com/dp/B0BW5QRRFV,129.98
https://www.amazon.com/dp/B0BW7D374L,99.98
https://www.amazon.com/dp/B0BTQ2KXDZ,20.98
https://www.amazon.com/dp/B0BT7RHFYW,104.98
https://www.amazon.com/dp/B0BT1YH4Q1,63.98
https://www.amazon.com/dp/B0BSFZ7WDM,79.98
https://www.amazon.com/dp/B0BX4HR7Z2,44.98
https://www.amazon.com/dp/B0BT8DPZHR,29.98
https://www.amazon.com/dp/B0BVBTTBWM,35.98
https://www.amazon.com/dp/B0BWW98G57,18.98
https://www.amazon.com/dp/B0BTDNGH4R,79.98
https://www.amazon.com/dp/B0BY9F5K12,54.98
https://www.amazon.com/dp/B0BVKJJ2XW,52.98
https://www.amazon.com/dp/B0BTW9KV6T,89.98
https://www.amazon.com/dp/B0BY41RGT4,24.98
https://www.amazon.com/dp/B0BTQ3Q568,75.98
https://www.amazon.com/dp/B0BTBV5GT6,119.98
https://www.amazon.com/dp/B0BXY1KV33,29.98
https://www.amazon.com/dp/B08YRCYP37,12.99
https://www.amazon.com/dp/B0BS974PJG,69.98
https://www.amazon.com/dp/B0BLVXVT91,17.98
https://www.amazon.com/dp/B0BTWCW35Y,23.98
https://www.amazon.com/dp/B0BT1YPH8W,89.98
https://www.amazon.com/dp/B0BT7QWQPB,169.98
https://www.amazon.com/dp/B0BVJHK8XG,28.98
https://www.amazon.com/dp/B0BTMWMQYT,54.98
https://www.amazon.com/dp/B0BS3X6Z9N,54.98
https://www.amazon.com/dp/B0BW59Z8DS,54.98
https://www.amazon.com/dp/B0BZJVGWMC,54.98
https://www.amazon.com/dp/B0BY9GB3FW,15.98
https://www.amazon.com/dp/B0BTC7M1YP,159.98
https://www.amazon.com/dp/B0BTBMJTRY,47.98
https://www.amazon.com/dp/B0BXB54JFL,34.98
https://www.amazon.com/dp/B0BV37BZJ4,59.98
https://www.amazon.com/dp/B0BTBZKYQG,159.98
https://www.amazon.com/dp/B0BYSFW7CM,25.98
https://www.amazon.com/dp/B0BT9GLXDT,29.98
https://www.amazon.com/dp/B0BWJ41NBN,64.98
https://www.amazon.com/dp/B0BVCJGX6K,119.98
https://www.amazon.com/dp/B0BVL33GPX,14.98
https://www.amazon.com/dp/B0BSS5JZKZ,28.98
https://www.amazon.com/dp/B0BVFYFS55,62.98
https://www.amazon.com/dp/B0BVHY2Z2Q,65.98
https://www.amazon.com/dp/B0BWHZPQ7W,64.98
https://www.amazon.com/dp/B0BXFJ2WFJ,39.98
https://www.amazon.com/dp/B06XWGQWJC,33.89
https://www.amazon.com/dp/B0BST8N75M,39.98
https://www.amazon.com/dp/B0BS9LL46G,97.98
https://www.amazon.com/dp/B0BT9GBGGH,39.98
https://www.amazon.com/dp/B0BWLZW1GF,44.98
https://www.amazon.com/dp/B072JW38ML,33.99
https://www.amazon.com/dp/B0BT58BCJX,16.98
https://www.amazon.com/dp/B0BTM3MSD4,19.98
https://www.amazon.com/dp/B0BTTHW6Z8,64.98
https://www.amazon.com/dp/B0BWTLX2N5,49.98
https://www.amazon.com/dp/B0BSNRCF6R,47.98
https://www.amazon.com/dp/B0BSCG6PP1,109.98
https://www.amazon.com/dp/B0BVL264B9,34.98
https://www.amazon.com/dp/B079K5VFTP,12.95
https://www.amazon.com/dp/B0BXFKPSGF,89.98
https://www.amazon.com/dp/B0BSLP4R2J,54.98
https://www.amazon.com/dp/B0BT8C7LLK,29.98
https://www.amazon.com/dp/B0BVQXM8GK,44.98
https://www.amazon.com/dp/B0BT7Q835X,18.98
https://www.amazon.com/dp/B0BSHBX3LR,99.98
https://www.amazon.com/dp/B0BTW6SQS9,25.98
https://www.amazon.com/dp/B0BY7Y1LWR,17.98
https://www.amazon.com/dp/B0BS9W6MQ1,34.98
https://www.amazon.com/dp/B0BSLP1LY4,28.98
https://www.amazon.com/dp/B0BM6M2MQQ,28.98
https://www.amazon.com/dp/B0BSH3P9C1,259.98
https://www.amazon.com/dp/B0BVJFGKQP,24.98
https://www.amazon.com/dp/B0BYJHBHB9,77.98
https://www.amazon.com/dp/B0BV6YFN2D,44.98
https://www.amazon.com/dp/B0BVKY473C,54.98
https://www.amazon.com/dp/B0BTHZ9M2S,14.98
https://www.amazon.com/dp/B0BT7Q2B7N,53.98
https://www.amazon.com/dp/B0BWV1LRZ4,89.98
https://www.amazon.com/dp/B0BWFH3N6G,44.98
https://www.amazon.com/dp/B0BSNTR1J5,72.98
https://www.amazon.com/dp/B0BTDVJ26K,99.98
https://www.amazon.com/dp/B0BYWY92SM,97.98
https://www.amazon.com/dp/B0BVJKMG1V,18.98
https://www.amazon.com/dp/B0BSNWQPPJ,109.98
https://www.amazon.com/dp/B0BVCN7W41,174.98
https://www.amazon.com/dp/B0BV39X3JJ,79.98
https://www.amazon.com/dp/B0BVKH7XVP,62.98
https://www.amazon.com/dp/B0BVT7776F,16.98
https://www.amazon.com/dp/B08YRG2NGM,12.99
https://www.amazon.com/dp/B0BY428M6S,29.98
https://www.amazon.com/dp/B0BXB3STMX,47.98
https://www.amazon.com/dp/B0BX3ZTKYN,39.98
https://www.amazon.com/dp/B0BTC8HFCL,109.98
https://www.amazon.com/dp/B0BSNWJ3GX,57.98
https://www.amazon.com/dp/B0BYJH576R,97.98
https://www.amazon.com/dp/B0BX5T5G2Z,29.98
https://www.amazon.com/dp/B0BSFXKJMB,46.98
https://www.amazon.com/dp/B0BNR6L9L7,19.98
https://www.amazon.com/dp/B0BT4YX9MT,42.98
https://www.amazon.com/dp/B0BSS84JWW,59.98
https://www.amazon.com/dp/B0BVKT17FX,72.98
https://www.amazon.com/dp/B0BX97M188,59.98
https://www.amazon.com/dp/B0BVKRVC53,42.98
https://www.amazon.com/dp/B0BXHF12PY,159.98
https://www.amazon.com/dp/B0BSV7FKHK,119.98
https://www.amazon.com/dp/B0BZ4SW82Q,29.98
https://www.amazon.com/dp/B0BTB2T3PQ,129.98
https://www.amazon.com/dp/B0BVG85F28,219.98
https://www.amazon.com/dp/B0BTQ4D56G,56.98
https://www.amazon.com/dp/B0BWNYR59D,84.98
https://www.amazon.com/dp/B0BT7WRZZL,70.98
https://www.amazon.com/dp/B0BTT7FQMV,22.98
https://www.amazon.com/dp/B0BVBCW94Z,84.98
https://www.amazon.com/dp/B0BV3CYRR7,19.98
https://www.amazon.com/dp/B0BTB3H843,28.98
https://www.amazon.com/dp/B07B67FJPC,24.95
https://www.amazon.com/dp/B0BW6ZN4DW,149.98
https://www.amazon.com/dp/B0C14S3FRP,84.98
https://www.amazon.com/dp/B0BY9H3TVT,267.98
https://www.amazon.com/dp/B0BT1ZH4F9,39.98
https://www.amazon.com/dp/B0BTBTPM5D,29.98
https://www.amazon.com/dp/B0BW4L9KF4,54.98
https://www.amazon.com/dp/B0BXB2JV3R,59.98
https://www.amazon.com/dp/B0BST84VX1,79.98
https://www.amazon.com/dp/B0BT7RWVLS,70.98
https://www.amazon.com/dp/B0BT8CZ54P,19.98
https://www.amazon.com/dp/B0BT2245TP,35.98
https://www.amazon.com/dp/B0BT55N3HC,89.98
https://www.amazon.com/dp/B0BSHDNM9J,54.98
https://www.amazon.com/dp/B0BSS4DTKW,62.98
https://www.amazon.com/dp/B0BVZD8X1X,19.98
https://www.amazon.com/dp/B00CJMHOCY,25.99
https://www.amazon.com/dp/B0C16LNKY2,67.98
https://www.amazon.com/dp/B0BSV8CQLT,44.98
https://www.amazon.com/dp/B0BS3Y4J8K,77.98
https://www.amazon.com/dp/B0BTFGKXVB,50.98
https://www.amazon.com/dp/B0BVBSW41C,51.98
https://www.amazon.com/dp/B0BTZLLYYQ,84.98
https://www.amazon.com/dp/B08YQK3VYG,15.99
https://www.amazon.com/dp/B0BTPP3ZQZ,39.98
https://www.amazon.com/dp/B0BW5TXJTF,49.98
https://www.amazon.com/dp/B0BXB4NPKD,194.98
https://www.amazon.com/dp/B0BSV7NXLJ,62.98
https://www.amazon.com/dp/B0BVGCDVTV,119.98
https://www.amazon.com/dp/B08YRMVC28,12.99
https://www.amazon.com/dp/B0BS49V5F4,119.98
https://www.amazon.com/dp/B0BXPF7T83,54.98
https://www.amazon.com/dp/B0BTBNHD69,89.98
https://www.amazon.com/dp/B0BXFFSZRJ,19.98
https://www.amazon.com/dp/B0BT1D2NXV,21.98
https://www.amazon.com/dp/B0BW3WTB6S,27.98
https://www.amazon.com/dp/B0BT4F82JD,22.98
https://www.amazon.com/dp/B0BVRG41FS,29.98
https://www.amazon.com/dp/B0BYPFXCRZ,99.98
https://www.amazon.com/dp/B0BSNPJDDP,19.98
https://www.amazon.com/dp/B0BVM9VMDM,49.98
https://www.amazon.com/dp/B0BWWL4JPY,69.98
https://www.amazon.com/dp/B0BLY91983,38.98
https://www.amazon.com/dp/B0BSFY2NG6,54.98
https://www.amazon.com/dp/B0BSS4G7J9,31.98
