Air Vantage Imaging, LLC, AVI Llc,NA,207 441-6700,http://airvantageimaging.com/,360-panoramas,,https://dronepilotdirectory.ca/business-directory/,
BlackHawk Aeronautical,NA,+1.7809742335,http://www.blackhawkaeronautical.com/,360-panoramas,,https://dronepilotdirectory.ca/business-directory/,
Drone Films Project,NA,(+51) 970074621,http://www.dronefilmsproject.com/,360-panoramas,,https://dronepilotdirectory.ca/business-directory/,
Flideo,NA,+33 (0) 6 28 45 08 37,http://www.flideo.fr/,360-panoramas,,https://dronepilotdirectory.ca/business-directory/,
Glidenhover,NA,+1 506-961-9442,http://glidenhover.com/,360-panoramas,,https://dronepilotdirectory.ca/business-directory/,
Glidenhover,NA,+1 506-961-9442,http://glidenhover.com/,360-panoramas,,https://dronepilotdirectory.ca/business-directory/,
J. Viru Markšeideribüroo Ltd,NA,(+372) 6 344 552,http://www.aeroman.ee/,360-panoramas,,https://dronepilotdirectory.ca/business-directory/,
Phoenixpix,NA,+43 699 11021345,http://www.phoenixpix.at/,360-panoramas,,https://dronepilotdirectory.ca/business-directory/,
PNEUMATIC DRONE CINEMA,NA,14073539022,http://pneumaticdrone.com/,360-panoramas,,https://dronepilotdirectory.ca/business-directory/,
Strategic UAV,NA,250.287.2246,http://www.strategicuav.ca,360-panoramas,,https://dronepilotdirectory.ca/business-directory/,
DronePilots.ca Inc.,NA,888-430-9819,http://www.dronepilots.ca,aerial-shooting,,https://dronepilotdirectory.ca/business-directory/,
4Dronies,NA,+351 914 391 441,http://4dronies.tumblr.com/,aerial-shooting,,https://dronepilotdirectory.ca/business-directory/,
Adelaar,NA,+32 483 02 99 47,http://adelaar.be/,aerial-shooting,,https://dronepilotdirectory.ca/business-directory/,
ADVANCED SCIENTIFIC CONCEPTS LLC,NA,805-966-3331,http://www.asc3d.com,aerial-shooting,,https://dronepilotdirectory.ca/business-directory/,
AEE MagiCam Iberia,NA,902 38 48 78,http://aee-iberia.es/,aerial-shooting,,https://dronepilotdirectory.ca/business-directory/,
Aerial Affair.com,NA,714-454-4555,http://aerialaffair.com/,aerial-shooting,,https://dronepilotdirectory.ca/business-directory/,
Aerial Agents, LLC,NA,440-241-1677,http://www.aerialagents.com/#welcome,aerial-shooting,,https://dronepilotdirectory.ca/business-directory/,
Aerial Cinematography,NA,+1 (703)989-4643,http://ridemedia.co/about-us/,aerial-shooting,,https://dronepilotdirectory.ca/business-directory/,
Aerial Look Inc.,NA,919-590-5665,http://www.aeriallook.com/,aerial-shooting,,https://dronepilotdirectory.ca/business-directory/,
Aerial MG,NA,309-306-1051,http://www.aerialmg.com/,aerial-shooting,,https://dronepilotdirectory.ca/business-directory/,
AeroVironment,NA,626.357.9983,https://www.avdroneanalytics.com/,agriculture,,https://dronepilotdirectory.ca/business-directory/,
Venta de Drones en México y Latinomarica,NA,4424545394,https://omegadrone.com.mx/,agriculture,,https://dronepilotdirectory.ca/business-directory/,
BlackHawk Aeronautical,NA,+1.7809742335,http://www.blackhawkaeronautical.com/,associations-groups,,https://dronepilotdirectory.ca/business-directory/,
FREEWAY DRONE,NA,02.38.30.57.85,http://www.freewaydrone.com/,associations-groups,,https://dronepilotdirectory.ca/business-directory/,
PNEUMATIC DRONE CINEMA,NA,14073539022,http://pneumaticdrone.com/,associations-groups,,https://dronepilotdirectory.ca/business-directory/,
The U.S. Drone Film Festival,NA,4059245105,http://www.uavfilmfestival.com/,associations-groups,,https://dronepilotdirectory.ca/business-directory/,
Limitless Film,NA,+48.717500200,http://www.limitlessfilm.pl/,buyer,,https://dronepilotdirectory.ca/business-directory/,
Maverick Drone Systems,NA,+1.612.293.8317,https://www.maverickdrone.com/,buyer,,https://dronepilotdirectory.ca/business-directory/,
Media Town,NA,+972 8-288-9980,http://mediatown.ps/en/index.php?action=,buyer,,https://dronepilotdirectory.ca/business-directory/,
Officina Multirotori,NA,3494246924,http://www.officinamultirotori.it/,buyer,,https://dronepilotdirectory.ca/business-directory/,
DronePilots.ca Inc.,NA,888-430-9819,http://www.dronepilots.ca,commercial-drones,,https://dronepilotdirectory.ca/business-directory/,
3FB Aerworx,NA,(03) 9873 1980,http://www.3fbaerworx.com.au/,commercial-drones,,https://dronepilotdirectory.ca/business-directory/,
4 Prop Photo,NA,501-944-2916,http://4-prop.com/,commercial-drones,,https://dronepilotdirectory.ca/business-directory/,
Above Barbados,NA,1 246 249 4981,http://www.abovebarbados.com/,commercial-drones,,https://dronepilotdirectory.ca/business-directory/,
Aereal,NA,628069536,http://www.aereal.pro/,commercial-drones,,https://dronepilotdirectory.ca/business-directory/,
Aerial Acuity,NA,,http://www.aerialacuity.com.au/,commercial-drones,,https://dronepilotdirectory.ca/business-directory/,
Aerial Advantage,NA,0416 521 588,http://www.aerialadvantage.com.au/,commercial-drones,,https://dronepilotdirectory.ca/business-directory/,
Aerial Footage,NA,0415 780 763  ,http://www.lookatnoosa.com/aerialfootage,commercial-drones,,https://dronepilotdirectory.ca/business-directory/,
Aerial Image Works Pty Ltd,NA,455599198,http://www.aerialimageworks.com.au/,commercial-drones,,https://dronepilotdirectory.ca/business-directory/,
Aerial Imaging Services,NA,+1.8173715917,http://www.aerialimagingservicesllc.com/,commercial-drones,,https://dronepilotdirectory.ca/business-directory/,
Ben4UAV,NA,+33.0139519515,http://ben4uav.com/,dealers-distributors,,https://dronepilotdirectory.ca/business-directory/,
Drone 55, inc.,NA,(213) 807-3935,http://www.drone55.com/,dealers-distributors,,https://dronepilotdirectory.ca/business-directory/,
Luft Foto Video,NA,+49 (0) 341 561 43 12,http://www.luftfotovideo.de/,dealers-distributors,,https://dronepilotdirectory.ca/business-directory/,
Maverick Drone Systems,NA,+1.612.293.8317,https://www.maverickdrone.com/,dealers-distributors,,https://dronepilotdirectory.ca/business-directory/,
To-Fly Drones,NA,+41 44 585 18 15,http://www.to-fly.ch/,dealers-distributors,,https://dronepilotdirectory.ca/business-directory/,
UAS Unmanned Systems Consulting,NA,+63 949 738 9048,http://www.uavphilippines.com/,dealers-distributors,,https://dronepilotdirectory.ca/business-directory/,
VideoDrone Finland Oy,NA,+358 40 0625240,http://www.videodrone.fi/,dealers-distributors,,https://dronepilotdirectory.ca/business-directory/,
Alien Cine LLC,NA,206.465.8813,http://www.aliencine.com,directories-other,,https://dronepilotdirectory.ca/business-directory/,
ALL AMERICAN AERIAL, LLC,NA,1.800.930.1416,http://www.allamericanaerial.com,directories-other,,https://dronepilotdirectory.ca/business-directory/,
ArcadiaSky,NA,+61 3 9018 5705,https://www.arcadiasky.com/,directories-other,,https://dronepilotdirectory.ca/business-directory/,
Black Sky Drone,NA,860-227-7537,https://www.blackskydrone.com,directories-other,,https://dronepilotdirectory.ca/business-directory/,
Brian Charles Films – Aloftpro LLC,NA,757-559-4745,https://www.briancharlesfilms.com/,directories-other,,https://dronepilotdirectory.ca/business-directory/,
Brilliant Pixel Imaging,NA,(740) 590-8983,http://www.brilliantpixelimaging.com,directories-other,,https://dronepilotdirectory.ca/business-directory/,
David Sidle photography and Unmanned Aerial Systems,NA,,,directories-other,,https://dronepilotdirectory.ca/business-directory/,
Drone Shots,NA,,http://www.droneshots.photos,directories-other,,https://dronepilotdirectory.ca/business-directory/,
FlyWorx LLC,NA,(844) 359-9679,http://www.flyworx.co,directories-other,,https://dronepilotdirectory.ca/business-directory/,
FX Drone Services,NA,(219) 741-0988,http://www.fxdroneservices.com/,directories-other,,https://dronepilotdirectory.ca/business-directory/,
3D Systems,NA,,,drone-equipment,,https://dronepilotdirectory.ca/business-directory/,
Alpha Unmanned Systems,NA,,https://alphaunmannedsystems.com/,drone-equipment,,https://dronepilotdirectory.ca/business-directory/,
2016 Drone Year in Review – Center for the Study of the Drone,NA,,http://dronecenter.bard.edu,drone-stakeholders,,https://dronepilotdirectory.ca/business-directory/,
Construction, Engineering, & Surveying – 1upDrones,NA,720-476-4101,http://1updrones.com,drone-stakeholders,,https://dronepilotdirectory.ca/business-directory/,
Drone markets and key player – Drone Industry Insights,NA,+49 40 6483 0858,http://www.droneii.com,drone-stakeholders,,https://dronepilotdirectory.ca/business-directory/,
Drones and Robots: Revolutionizing the Future of Agriculture,NA,+971 4 364 2975,http://www.geospatialworld.net,drone-stakeholders,,https://dronepilotdirectory.ca/business-directory/,
Drones in Humanitarian Action,NA,+41 22 907 36 05,http://drones.fsd.ch,drone-stakeholders,,https://dronepilotdirectory.ca/business-directory/,
Drones: a history of flying robots | Nesta,NA,+44 (0) 207 438 2500,http://www.nesta.org.uk,drone-stakeholders,,https://dronepilotdirectory.ca/business-directory/,
EEI and Sharper Shape Partner to Promote Safe Drone Use,NA,202-508-5000,http://www.capalino.com,drone-stakeholders,,https://dronepilotdirectory.ca/business-directory/,
Energy Industry Drone Services, Consulting, and Training,NA,1-888-225-1931,http://abjdrones.com,drone-stakeholders,,https://dronepilotdirectory.ca/business-directory/,
How Blockchain And AI Are Important In The Drone Industry,NA,,http://analyticsindiamag.com,drone-stakeholders,,https://dronepilotdirectory.ca/business-directory/,
Preventing Close Encounters of the Drone Kind,NA,202.879.4700,http://www.enotrans.org,drone-stakeholders,,https://dronepilotdirectory.ca/business-directory/,
AEE MagiCam Iberia,NA,902 38 48 78,http://aee-iberia.es/,drones-online-shops,,https://dronepilotdirectory.ca/business-directory/,
Build Your Own Drone,NA,01184020775,http://www.buildyourowndrone.co.uk/,drones-online-shops,,https://dronepilotdirectory.ca/business-directory/,
BuzzFlyer Ltd,NA,01787 319 999,http://www.buzzflyer.co.uk/default.aspx,drones-online-shops,,https://dronepilotdirectory.ca/business-directory/,
C-Faktor Technology,NA,27739143033,http://www.cfaktor.co.za/,drones-online-shops,,https://dronepilotdirectory.ca/business-directory/,
dimension x multirotors,NA,7602183399,http://www.dimensionxmultirotors.com/,drones-online-shops,,https://dronepilotdirectory.ca/business-directory/,
Drones Pro Shop and Services,NA,011-521-656-186-5246,http://dronespro.com.mx/,drones-online-shops,,https://dronepilotdirectory.ca/business-directory/,
FlyMotion Media,NA,800-548-5844,http://www.flymotionmedia.com/,drones-online-shops,,https://dronepilotdirectory.ca/business-directory/,
Glidenhover,NA,+1 506-961-9442,http://glidenhover.com/,drones-online-shops,,https://dronepilotdirectory.ca/business-directory/,
Glidenhover,NA,+1 506-961-9442,http://glidenhover.com/,drones-online-shops,,https://dronepilotdirectory.ca/business-directory/,
MegaDron.pl   Sklep z dronami,NA,883-600-309,http://megadron.pl/,drones-online-shops,,https://dronepilotdirectory.ca/business-directory/,
Up Up Up,NA,0401 097 304,http://upupup.com.au/,emergency-services,,https://dronepilotdirectory.ca/business-directory/,
Wasp NQ,NA,0428 829 483,http://waspnq.com.au/,emergency-services,,https://dronepilotdirectory.ca/business-directory/,
4Prop Production,NA,210-639-5659,http://www.4propproduction.com/,event-drones,,https://dronepilotdirectory.ca/business-directory/,
Aerial Dimensions,NA,0428 669 508,http://aerialdimensions.com.au/,event-drones,,https://dronepilotdirectory.ca/business-directory/,
Aerial Imaging Services,NA,+1.8173715917,http://www.aerialimagingservicesllc.com/,event-drones,,https://dronepilotdirectory.ca/business-directory/,
Aerial Point Productions,NA,,http://aerialpointproductions.com/,event-drones,,https://dronepilotdirectory.ca/business-directory/,
Aerial View Photography,NA,0414 884 635,http://www.aerialviewphotography.com.au/,event-drones,,https://dronepilotdirectory.ca/business-directory/,
Aerial Vision Chicago,NA,773-701-2559,http://www.aerialvisionchicago.com/,event-drones,,https://dronepilotdirectory.ca/business-directory/,
Aerialworks,NA,(917) 374-2930,http://www.aerialworksusa.com/,event-drones,,https://dronepilotdirectory.ca/business-directory/,
Air Appeal,NA,0418 486 066,http://www.airappeal.com/,event-drones,,https://dronepilotdirectory.ca/business-directory/,
Airborne Photography,NA,+61 416 200 824,http://www.AirbornePhotography.com.au,event-drones,,https://dronepilotdirectory.ca/business-directory/,
AirEye Ltd,NA,07502195421,http://aireye.co.uk/,event-drones,,https://dronepilotdirectory.ca/business-directory/,
FPV Drone Simulator,NA,,http://www.dreamescape.nl/fpv-drone-simulator/,drone-owners,,https://dronepilotdirectory.ca/business-directory/,
PRODRONE,NA,(+1)650-204-9885,http://prodrone.jp/en/,drone-owners,,https://dronepilotdirectory.ca/business-directory/,
SAIT,NA,,http://www.sait.ca,drone-owners,,https://dronepilotdirectory.ca/business-directory/,
4Dronies,NA,+351 914 391 441,http://4dronies.tumblr.com/,general-services,,https://dronepilotdirectory.ca/business-directory/,
AEE MagiCam Iberia,NA,902 38 48 78,http://aee-iberia.es/,general-services,,https://dronepilotdirectory.ca/business-directory/,
Aerial Surveying, Mapping, Inspection,NA,1-876-873-5443,http://www.jamaicauav.com/,general-services,,https://dronepilotdirectory.ca/business-directory/,
AirVu,NA,345-925-9731,http://airvu.co/,general-services,,https://dronepilotdirectory.ca/business-directory/,
AMA,NA,(800) 435-9262 - 1-800-I-FLY-AMA,http://www.modelaircraft.org/,general-services,,https://dronepilotdirectory.ca/business-directory/,
Autodesk,NA,,https://www.autodesk.com/,general-services,,https://dronepilotdirectory.ca/business-directory/,
Aventure Colombia,NA,(+57) 5 430 5185,http://aventurecolombia.com/,general-services,,https://dronepilotdirectory.ca/business-directory/,
Brother,NA,,http://www.brother-usa.com/airscouter,general-services,,https://dronepilotdirectory.ca/business-directory/,
C-Faktor Technology,NA,27739143033,http://www.cfaktor.co.za/,general-services,,https://dronepilotdirectory.ca/business-directory/,
Dataq Technologies Ltd,NA,01926 800149,http://www.dataqtechnologies.co.uk/,general-services,,https://dronepilotdirectory.ca/business-directory/,
3D Plus USA,NA,,,geomatics,,https://dronepilotdirectory.ca/business-directory/,
4D Technology Corporation,NA,,,geomatics,,https://dronepilotdirectory.ca/business-directory/,
Aavid, Thermal Division of Boyd Corporation,NA,,,geomatics,,https://dronepilotdirectory.ca/business-directory/,
Aerial Imaging Services,NA,+1.8173715917,http://www.aerialimagingservicesllc.com/,geomatics,,https://dronepilotdirectory.ca/business-directory/,
Aerial Surveying, Mapping, Inspection,NA,1-876-873-5443,http://www.jamaicauav.com/,geomatics,,https://dronepilotdirectory.ca/business-directory/,
AirVu,NA,345-925-9731,http://airvu.co/,geomatics,,https://dronepilotdirectory.ca/business-directory/,
Amkvo AB,NA,+46 70 232 39 06,http://www.amkvo.com/,geomatics,,https://dronepilotdirectory.ca/business-directory/,
ArizonaFPV LLC.,NA,480-442-1501,http://www.arizonafpv.com/,geomatics,,https://dronepilotdirectory.ca/business-directory/,
Drone.UA,NA,+380 95 555 5582,http://drone.ua/,geomatics,,https://dronepilotdirectory.ca/business-directory/,
East Coast Jib and Aerial,NA,704-996-9415,http://www.eastcoastjib.com/,geomatics,,https://dronepilotdirectory.ca/business-directory/,
Airpix,NA,358503517253,http://www.airpix.fi/,gopro,,https://dronepilotdirectory.ca/business-directory/,
AirVu,NA,345-925-9731,http://airvu.co/,gopro,,https://dronepilotdirectory.ca/business-directory/,
Apex aerial imaging,NA,01840230164,http://apexaerialimaging.co.uk/,gopro,,https://dronepilotdirectory.ca/business-directory/,
Drone 55, inc.,NA,(213) 807-3935,http://www.drone55.com/,gopro,,https://dronepilotdirectory.ca/business-directory/,
Drone Films Project,NA,(+51) 970074621,http://www.dronefilmsproject.com/,gopro,,https://dronepilotdirectory.ca/business-directory/,
EpicJib Aerial Media,NA,1-306-382-4327,http://www.epicjib.com/,gopro,,https://dronepilotdirectory.ca/business-directory/,
Flideo,NA,+33 (0) 6 28 45 08 37,http://www.flideo.fr/,gopro,,https://dronepilotdirectory.ca/business-directory/,
North45 Communications Inc,NA,705 641 0909,http://north45com.com/,gopro,,https://dronepilotdirectory.ca/business-directory/,
UD Photography,NA,972-50-4365797,http://www.udpic.co.il/,gopro,,https://dronepilotdirectory.ca/business-directory/,
4 Prop Photo,NA,501-944-2916,http://4-prop.com/,hd-video,,https://dronepilotdirectory.ca/business-directory/,
Above Barbados,NA,1 246 249 4981,http://www.abovebarbados.com/,hd-video,,https://dronepilotdirectory.ca/business-directory/,
Aereal,NA,628069536,http://www.aereal.pro/,hd-video,,https://dronepilotdirectory.ca/business-directory/,
Aero Foto Algarve,NA,206-763-6087,http://www.aerotec.com/,hd-video,,https://dronepilotdirectory.ca/business-directory/,
Aether Films,NA,6504557752,http://aethervideo.com/,hd-video,,https://dronepilotdirectory.ca/business-directory/,
Air Reel Productions,NA,,http://www.airreel.com/,hd-video,,https://dronepilotdirectory.ca/business-directory/,
Air-Reelz,NA,978-347-5964,http://www.air-reelz.com/,hd-video,,https://dronepilotdirectory.ca/business-directory/,
AIRborn pictures,NA,+41 79 756 52 55,http://airborn.ch/,hd-video,,https://dronepilotdirectory.ca/business-directory/,
Airpix,NA,358503517253,http://www.airpix.fi/,hd-video,,https://dronepilotdirectory.ca/business-directory/,
Airscope, LLC,NA,520-990-7311,http://www.airscope.com/,hd-video,,https://dronepilotdirectory.ca/business-directory/,
Perfect Perspectives Aerial Imaging,NA,(937) 272-5952,http://www.perfectperspectivesaerial.com,infrared,,https://dronepilotdirectory.ca/business-directory/,
Xaviate,NA,+44 7525189081,http://www.xaviate.co.uk/,infrared,,https://dronepilotdirectory.ca/business-directory/,
Above Barbados,NA,1 246 249 4981,http://www.abovebarbados.com/,inspections,,https://dronepilotdirectory.ca/business-directory/,
Aereal,NA,628069536,http://www.aereal.pro/,inspections,,https://dronepilotdirectory.ca/business-directory/,
AerialShots,NA,27834503117,http://www.aerialshots.co.za/,inspections,,https://dronepilotdirectory.ca/business-directory/,
Aerius UAVS,NA,1-250-713-4422,http://www.aeriusuavs.com/,inspections,,https://dronepilotdirectory.ca/business-directory/,
Aero Foto Algarve,NA,206-763-6087,http://www.aerotec.com/,inspections,,https://dronepilotdirectory.ca/business-directory/,
Air Reel Productions,NA,,http://www.airreel.com/,inspections,,https://dronepilotdirectory.ca/business-directory/,
Air-Reelz,NA,978-347-5964,http://www.air-reelz.com/,inspections,,https://dronepilotdirectory.ca/business-directory/,
AIRborn pictures,NA,+41 79 756 52 55,http://airborn.ch/,inspections,,https://dronepilotdirectory.ca/business-directory/,
Airscope, LLC,NA,520-990-7311,http://www.airscope.com/,inspections,,https://dronepilotdirectory.ca/business-directory/,
Airsight Australia,NA,+61 0405 905 056,http://www.airsightaustralia.com.au/,inspections,,https://dronepilotdirectory.ca/business-directory/,
Aero Foto Algarve,NA,206-763-6087,http://www.aerotec.com/,journalism,,https://dronepilotdirectory.ca/business-directory/,
Air Reel Productions,NA,,http://www.airreel.com/,journalism,,https://dronepilotdirectory.ca/business-directory/,
AIRborn pictures,NA,+41 79 756 52 55,http://airborn.ch/,journalism,,https://dronepilotdirectory.ca/business-directory/,
Airpix,NA,358503517253,http://www.airpix.fi/,journalism,,https://dronepilotdirectory.ca/business-directory/,
Australian Aerial Imagery,NA,457777037,http://www.australianaerialimagery.com.au/,journalism,,https://dronepilotdirectory.ca/business-directory/,
Ben4UAV,NA,+33.0139519515,http://ben4uav.com/,journalism,,https://dronepilotdirectory.ca/business-directory/,
Blackwing Aerial Services,NA,07831 816957,http://blackwingservices.com/,journalism,,https://dronepilotdirectory.ca/business-directory/,
C & S Aerials,NA,209-769-7024,http://csaerials.yolasite.com/,journalism,,https://dronepilotdirectory.ca/business-directory/,
CloudVisual,NA,01582 855250,http://www.cloudvisual.co.uk/,journalism,,https://dronepilotdirectory.ca/business-directory/,
Copter Cam Ireland,NA,086 1726277,http://www.coptercamireland.com/,journalism,,https://dronepilotdirectory.ca/business-directory/,
Air-Frames (UK) Limited,NA,(+44) (0)7805596856,http://www.air-frames.co.uk/,law-enforcement,,https://dronepilotdirectory.ca/business-directory/,
Drone Complier,NA,+1 800-656-4721,http://www.dronecomplier.com/,law-enforcement,,https://dronepilotdirectory.ca/business-directory/,
DroneLaw.Pro,NA,(866) 936-7447,http://www.dronelaw.pro,law-enforcement,,https://dronepilotdirectory.ca/business-directory/,
Hanscom Alexeev McDaniel LLP,NA,(760) 425-4263,http://www.HanAlexMcD.com,law-enforcement,,https://dronepilotdirectory.ca/business-directory/,
Aerialtronics,NA,,http://www.aerialtronics.com,manufacturers,,https://dronepilotdirectory.ca/business-directory/,
Agile Sensor Technologies,NA,+1.709.753.2907,http://www.agilesensors.com/,manufacturers,,https://dronepilotdirectory.ca/business-directory/,
AirVu,NA,345-925-9731,http://airvu.co/,manufacturers,,https://dronepilotdirectory.ca/business-directory/,
Delair-Tech,NA,+33 5 82 95 44 06,http://www.delair-tech.com/en/home/,manufacturers,,https://dronepilotdirectory.ca/business-directory/,
DONG YANG TECHNOLOGY CO., LIMITED,NA,+86(0)752 2620822,http://www.dys.hk,manufacturers,,https://dronepilotdirectory.ca/business-directory/,
DroneXplore,NA,+41 (0) 76 358 4707,http://www.dronexplore.ch/,manufacturers,,https://dronepilotdirectory.ca/business-directory/,
Energen,NA,,http://www.myenergen.com/,manufacturers,,https://dronepilotdirectory.ca/business-directory/,
Eurolink Systems,NA,39066191401,http://www.eurolinksystems.com/,manufacturers,,https://dronepilotdirectory.ca/business-directory/,
Flying Robots (Pigeon Vision),NA,954 600 8122,http://www.pigeonvision.biz/,manufacturers,,https://dronepilotdirectory.ca/business-directory/,
FoxFury Lighting Solutions,NA,(760) 945-4231,https://www.foxfury.com/,manufacturers,,https://dronepilotdirectory.ca/business-directory/,
AirVu,NA,345-925-9731,http://airvu.co/,marine,,https://dronepilotdirectory.ca/business-directory/,
Eaglevision Media LLC,NA,(239) 573-1109,http://www.eaglevision-media.com/,marine,,https://dronepilotdirectory.ca/business-directory/,
North45 Communications Inc,NA,705 641 0909,http://north45com.com/,marine,,https://dronepilotdirectory.ca/business-directory/,
Seahawk AP,NA,01492 452 222,http://seahawkap.com/,marine,,https://dronepilotdirectory.ca/business-directory/,
The Bionic Eye,NA,+44 (0)1753 655886,http://www.thebioniceye.co.uk/,marine,,https://dronepilotdirectory.ca/business-directory/,
Xaviate,NA,+44 7525189081,http://www.xaviate.co.uk/,marine,,https://dronepilotdirectory.ca/business-directory/,
Above Barbados,NA,1 246 249 4981,http://www.abovebarbados.com/,marketing-promotions,,https://dronepilotdirectory.ca/business-directory/,
Above Summit,NA,617.575.9596,http://www.abovesummit.com/,marketing-promotions,,https://dronepilotdirectory.ca/business-directory/,
Aereal,NA,628069536,http://www.aereal.pro/,marketing-promotions,,https://dronepilotdirectory.ca/business-directory/,
Aerial Photo Media,NA,707-363-2489,http://www.aerialphotomedia.com/,marketing-promotions,,https://dronepilotdirectory.ca/business-directory/,
Aerial Raiders ,NA,+1 602-459-6443,http://www.aerialraiders.com/,marketing-promotions,,https://dronepilotdirectory.ca/business-directory/,
Aerial Sky Cinema,NA,250-864-8812,http://www.aerialskycinema.com/,marketing-promotions,,https://dronepilotdirectory.ca/business-directory/,
Aerial Video Professional,NA,,http://aerialvideoprofessional.com/,marketing-promotions,,https://dronepilotdirectory.ca/business-directory/,
Aerial Vision Chicago,NA,773-701-2559,http://www.aerialvisionchicago.com/,marketing-promotions,,https://dronepilotdirectory.ca/business-directory/,
Aerial Vision Services,NA,+61 417 561 505,http://www.aerialvisionservices.com.au/,marketing-promotions,,https://dronepilotdirectory.ca/business-directory/,
Aerialindo,NA,+62 812 8315 5400,http://www.aerialindo.com/,marketing-promotions,,https://dronepilotdirectory.ca/business-directory/,
.Virtual Surveyor nv,NA,,http://www.virtual-surveyor.com,miscellaneous,,https://dronepilotdirectory.ca/business-directory/,
(UN)MANNED NV,NA,+32 50 343326,http://www.unmanned.aero,miscellaneous,,https://dronepilotdirectory.ca/business-directory/,
(UN)MANNED NV,NA,+32 50 343326,http://www.unmanned.aero,miscellaneous,,https://dronepilotdirectory.ca/business-directory/,
4DMapper – Geospatial Ecosystem for Enterprise,NA,+61 2 9199 7435,http://4dmapper.com/,miscellaneous,,https://dronepilotdirectory.ca/business-directory/,
Acecore Technologies,NA,+31 850 170 042,http://acecoretechnologies.com,miscellaneous,,https://dronepilotdirectory.ca/business-directory/,
ADVANCED AIRCRAFT COMPANY,NA,757.325.6712,http://www.advancedaircraftcompany.com/,miscellaneous,,https://dronepilotdirectory.ca/business-directory/,
AEgis Technologies,NA,+256 922 0802,https://aegistg.com/,miscellaneous,,https://dronepilotdirectory.ca/business-directory/,
Aerobotika UAV Training School & Courses, Drone Training Canada,NA,,https://aerobotika.com/,miscellaneous,,https://dronepilotdirectory.ca/business-directory/,
AERONIX, INC,NA,321-984-1671,http://www.aeronix.com,miscellaneous,,https://dronepilotdirectory.ca/business-directory/,
AEROPROBE CORPORATION,NA,1 (540) 443-9215,http://www.aeroprobe.com,miscellaneous,,https://dronepilotdirectory.ca/business-directory/,
AerialShots,NA,27834503117,http://www.aerialshots.co.za/,orthomosaics,,https://dronepilotdirectory.ca/business-directory/,
J. Viru Markšeideribüroo Ltd,NA,(+372) 6 344 552,http://www.aeroman.ee/,orthomosaics,,https://dronepilotdirectory.ca/business-directory/,
Redfox Unmanned Aerial Solutions,NA,1-604-328-6523,http://redfoxuas.ca,orthomosaics,,https://dronepilotdirectory.ca/business-directory/,
Skyris Imaging, LLC,NA,(206) 659-9138,http://www.skyrisimaging.com/,orthomosaics,,https://dronepilotdirectory.ca/business-directory/,
Soaring Sky,NA,(239) 333-2447,http://soaringsky.net/,orthomosaics,,https://dronepilotdirectory.ca/business-directory/,
The Bionic Eye,NA,+44 (0)1753 655886,http://www.thebioniceye.co.uk/,orthomosaics,,https://dronepilotdirectory.ca/business-directory/,
360Skylens Ltd,NA,0800 2889033,http://www.360skylens.co.uk/,photography,,https://dronepilotdirectory.ca/business-directory/,
Above Barbados,NA,1 246 249 4981,http://www.abovebarbados.com/,photography,,https://dronepilotdirectory.ca/business-directory/,
Aereal,NA,628069536,http://www.aereal.pro/,photography,,https://dronepilotdirectory.ca/business-directory/,
Aero Foto Algarve,NA,206-763-6087,http://www.aerotec.com/,photography,,https://dronepilotdirectory.ca/business-directory/,
Aether Films,NA,6504557752,http://aethervideo.com/,photography,,https://dronepilotdirectory.ca/business-directory/,
Air Reel Productions,NA,,http://www.airreel.com/,photography,,https://dronepilotdirectory.ca/business-directory/,
Air-Reelz,NA,978-347-5964,http://www.air-reelz.com/,photography,,https://dronepilotdirectory.ca/business-directory/,
AIRborn pictures,NA,+41 79 756 52 55,http://airborn.ch/,photography,,https://dronepilotdirectory.ca/business-directory/,
Airpix,NA,358503517253,http://www.airpix.fi/,photography,,https://dronepilotdirectory.ca/business-directory/,
Airscope, LLC,NA,520-990-7311,http://www.airscope.com/,photography,,https://dronepilotdirectory.ca/business-directory/,
Intetics,NA,+1-239-217-4907,https://intetics.com/,points-of-interest,,https://dronepilotdirectory.ca/business-directory/,
Fortem Technologies,NA,,http://www.fortemtech.com,public-safety,,https://dronepilotdirectory.ca/business-directory/,
Sentinel Air LLC,NA,702 686 0611,http://www.sentinel-air.com/,public-safety,,https://dronepilotdirectory.ca/business-directory/,
DronePilots.ca Inc.,NA,888-430-9819,http://www.dronepilots.ca,real-estates,,https://dronepilotdirectory.ca/business-directory/,
Evan G. Schmidt,NA,404900581,,real-estates,,https://dronepilotdirectory.ca/business-directory/,
4D Surveying Pty Ltd,NA,02 6280 7243,http://www.4dsurveying.com.au/capabilities/,real-estates,,https://dronepilotdirectory.ca/business-directory/,
4Prop Production,NA,210-639-5659,http://www.4propproduction.com/,real-estates,,https://dronepilotdirectory.ca/business-directory/,
Above Barbados,NA,1 246 249 4981,http://www.abovebarbados.com/,real-estates,,https://dronepilotdirectory.ca/business-directory/,
Aerial by Alex,NA,(908) 410-4103,http://www.aerialbyalex.com/,real-estates,,https://dronepilotdirectory.ca/business-directory/,
Aerial Home Video Tours,NA,323-376-4848,http://www.aerialhomevideotours.com/,real-estates,,https://dronepilotdirectory.ca/business-directory/,
Aerial Innovations,NA,(813) 254-7339,http://aerialinnovations.com/,real-estates,,https://dronepilotdirectory.ca/business-directory/,
Aerial Mission,NA,0402 467 114,http://www.aerialmission.com/,real-estates,,https://dronepilotdirectory.ca/business-directory/,
Aerial Point Productions,NA,,http://aerialpointproductions.com/,real-estates,,https://dronepilotdirectory.ca/business-directory/,
Carto UAV,NA,+34 981 554 201,http://cartogalicia.com/,repair-maintenance,,https://dronepilotdirectory.ca/business-directory/,
Drone Builders,NA,7979233882,http://dronebuilders.co.uk/,repair-maintenance,,https://dronepilotdirectory.ca/business-directory/,
Drone Embassy,NA,(803) 814-3925,http://drone-embassy.com/,repair-maintenance,,https://dronepilotdirectory.ca/business-directory/,
Robotic Skies,NA,505.289.0791,http://www.roboticskies.com/,repair-maintenance,,https://dronepilotdirectory.ca/business-directory/,
ThynkDrones.com,NA,510-497-1450,https://www.thynkdrones.com/,repair-maintenance,,https://dronepilotdirectory.ca/business-directory/,
Above All Aerial,NA,8186971135,http://aboveallaerial.net/,research-development,,https://dronepilotdirectory.ca/business-directory/,
Alta Devices,NA,+1 408-988-8600,,research-development,,https://dronepilotdirectory.ca/business-directory/,
Ermes Technologies,NA,+39 06 6191401,http://www.eurolinksystems.com/,research-development,,https://dronepilotdirectory.ca/business-directory/,
GEM Systems,NA,1-905-752-2202,http://www.gemsys.ca/,research-development,,https://dronepilotdirectory.ca/business-directory/,
Hazon Solutions,NA,757-962-9000,http://hazonsolutions.com/,research-development,,https://dronepilotdirectory.ca/business-directory/,
Optelos,NA,512.501.8944,https://optelos.com/,research-development,,https://dronepilotdirectory.ca/business-directory/,
Skyefish,NA,1 - 844 759 3474,http://www.skyefish.com/,research-development,,https://dronepilotdirectory.ca/business-directory/,
Xaviate,NA,+44 7525189081,http://www.xaviate.co.uk/,research-development,,https://dronepilotdirectory.ca/business-directory/,
Xaviate,NA,+44 7525189081,http://www.xaviate.co.uk/,search-rescue,,https://dronepilotdirectory.ca/business-directory/,
Air Vantage Imaging, LLC, AVI Llc,NA,207 441-6700,http://airvantageimaging.com/,ski-racing,,https://dronepilotdirectory.ca/business-directory/,
Cloudgate Aerial Cinematography,NA,1 970 405 5818,http://cloudgate.tv/,ski-racing,,https://dronepilotdirectory.ca/business-directory/,
18 drone companies taking off in construction | Construction Dive,NA,1-202-331-2480,http://www.constructiondive.com,software-app-suppliers,,https://dronepilotdirectory.ca/business-directory/,
3DR Site Scan – The Drone Data Platform for AEC | 3DR,NA,,http://3dr.com,software-app-suppliers,,https://dronepilotdirectory.ca/business-directory/,
ADLINK Technology Inc.,NA,,,software-app-suppliers,,https://dronepilotdirectory.ca/business-directory/,
ADSYS CONTROLS, INC.,NA,(949) 682-5430,http://www.adsyscontrols.com,software-app-suppliers,,https://dronepilotdirectory.ca/business-directory/,
ADVANCED NAVIGATION,NA,+61 2 9099 3800,http://www.advancednavigation.com.au,software-app-suppliers,,https://dronepilotdirectory.ca/business-directory/,
AEGIS TECHNOLOGIES GROUP, INC,NA,256 922 0802,https://aegistg.com/,software-app-suppliers,,https://dronepilotdirectory.ca/business-directory/,
Aerial Drones | Yuneec USA,NA,844 343 9966,http://us.yuneec.com,software-app-suppliers,,https://dronepilotdirectory.ca/business-directory/,
Aerotas,NA,(949) 335-4323,http://www.aerotas.com,software-app-suppliers,,https://dronepilotdirectory.ca/business-directory/,
Agribotix | Agricultural Intelligence. Drone Enabled.,NA,720-295-3625,http://agribotix.com,software-app-suppliers,,https://dronepilotdirectory.ca/business-directory/,
Botlink,NA,(701) 412 - 2988,http://botlink.com,software-app-suppliers,,https://dronepilotdirectory.ca/business-directory/,
Action Manufacturing, Inc.,NA,,,specialty,,https://dronepilotdirectory.ca/business-directory/,
Aerialworks,NA,(917) 374-2930,http://www.aerialworksusa.com/,specialty,,https://dronepilotdirectory.ca/business-directory/,
Spectre UAV,NA,(844) 210-2950,http://www.spectreuav.ca/,specialty,,https://dronepilotdirectory.ca/business-directory/,
Above Barbados,NA,1 246 249 4981,http://www.abovebarbados.com/,sports,,https://dronepilotdirectory.ca/business-directory/,
Air Vantage Imaging, LLC, AVI Llc,NA,207 441-6700,http://airvantageimaging.com/,surveillance-drones,,https://dronepilotdirectory.ca/business-directory/,
B&H Photo, Video, Pro Audio,NA,800.606.6969,https://www.bhphotovideo.com/,surveillance-drones,,https://dronepilotdirectory.ca/business-directory/,
Airsight Australia,NA,+61 0405 905 056,http://www.airsightaustralia.com.au/,thermal-imaging,,https://dronepilotdirectory.ca/business-directory/,
Amkvo AB,NA,+46 70 232 39 06,http://www.amkvo.com/,thermal-imaging,,https://dronepilotdirectory.ca/business-directory/,
Apex aerial imaging,NA,01840230164,http://apexaerialimaging.co.uk/,thermal-imaging,,https://dronepilotdirectory.ca/business-directory/,
ArizonaFPV LLC.,NA,480-442-1501,http://www.arizonafpv.com/,thermal-imaging,,https://dronepilotdirectory.ca/business-directory/,
Eaglevision Media LLC,NA,(239) 573-1109,http://www.eaglevision-media.com/,thermal-imaging,,https://dronepilotdirectory.ca/business-directory/,
KinoFly,NA,8045166542,http://kinofly.com/,thermal-imaging,,https://dronepilotdirectory.ca/business-directory/,
Seahawk AP,NA,01492 452 222,http://seahawkap.com/,thermal-imaging,,https://dronepilotdirectory.ca/business-directory/,
Skyris Imaging, LLC,NA,(206) 659-9138,http://www.skyrisimaging.com/,thermal-imaging,,https://dronepilotdirectory.ca/business-directory/,
The Bionic Eye,NA,+44 (0)1753 655886,http://www.thebioniceye.co.uk/,thermal-imaging,,https://dronepilotdirectory.ca/business-directory/,
Air Vantage Imaging, LLC, AVI Llc,NA,207 441-6700,http://airvantageimaging.com/,traffic-studies,,https://dronepilotdirectory.ca/business-directory/,
Air-Frames (UK) Limited,NA,(+44) (0)7805596856,http://www.air-frames.co.uk/,traffic-studies,,https://dronepilotdirectory.ca/business-directory/,
ANRA Technologies,NA,US +1 (866) 436-9011,http://www.anratechnologies.com,traffic-studies,,https://dronepilotdirectory.ca/business-directory/,
Drone Employee,NA,,http://drone-employee.com/,traffic-studies,,https://dronepilotdirectory.ca/business-directory/,
Gryphon Sensors,NA,1-844-570-4947,http://www.gryphonsensors.com,traffic-studies,,https://dronepilotdirectory.ca/business-directory/,
4Dronies,NA,+351 914 391 441,http://4dronies.tumblr.com/,training-education,,https://dronepilotdirectory.ca/business-directory/,
Aerial Imaging Services,NA,+1.8173715917,http://www.aerialimagingservicesllc.com/,training-education,,https://dronepilotdirectory.ca/business-directory/,
Aerobotika Aerial Intelligence Ltd.,NA,1-800-579-1828,https://aerobotika.com/drone-training-courses/,training-education,,https://dronepilotdirectory.ca/business-directory/,
AeroPhotos,NA,+1 (613) 749-7915,https://www.aero-photos.ca/uav-services/uav-training/,training-education,,https://dronepilotdirectory.ca/business-directory/,
AeroVision,NA,(902) 717-3066 or (902) 456-6401,http://aerovisioncanada.com/training/,training-education,,https://dronepilotdirectory.ca/business-directory/,
Ag Business & Crop Inc,NA,519-343-5454,https://agbusiness.ca/training/,training-education,,https://dronepilotdirectory.ca/business-directory/,
ALARIS – Solutions for Unmanned Systems,NA,240.538.8444,http://www.teamalaris.com/,training-education,,https://dronepilotdirectory.ca/business-directory/,
BlackHawk Aeronautical,NA,+1.7809742335,http://www.blackhawkaeronautical.com/uav-ground-school.html,training-education,,https://dronepilotdirectory.ca/business-directory/,
Build Your Own Drone,NA,01184020775,http://www.buildyourowndrone.co.uk/,training-education,,https://dronepilotdirectory.ca/business-directory/,
Cambridge UAV Academy,NA,01480 493 800,http://cuava.co.uk/,training-education,,https://dronepilotdirectory.ca/business-directory/,
Above Barbados,NA,1 246 249 4981,http://www.abovebarbados.com/,travelling-drones,,https://dronepilotdirectory.ca/business-directory/,
Aether Films,NA,6504557752,http://aethervideo.com/,travelling-drones,,https://dronepilotdirectory.ca/business-directory/,
Air-Reelz,NA,978-347-5964,http://www.air-reelz.com/,travelling-drones,,https://dronepilotdirectory.ca/business-directory/,
Apex aerial imaging,NA,01840230164,http://apexaerialimaging.co.uk/,travelling-drones,,https://dronepilotdirectory.ca/business-directory/,
Bexcopter,NA,+441452 347585,http://www.bexcopter.co.uk/,travelling-drones,,https://dronepilotdirectory.ca/business-directory/,
Big Sky Cam,NA,604-255-1990,http://www.bigskycam.com/,travelling-drones,,https://dronepilotdirectory.ca/business-directory/,
Blackburrow Creative LLC,NA,+1 813-391-0407,http://www.blackburrowcreative.com/,travelling-drones,,https://dronepilotdirectory.ca/business-directory/,
Blu Sky Films,NA,415-690-7407,http://www.bluskyfilms.com/,travelling-drones,,https://dronepilotdirectory.ca/business-directory/,
Digital Sky,NA,847-544-8628,http://thedigitalsky.com/,travelling-drones,,https://dronepilotdirectory.ca/business-directory/,
Dragonfly Aerial Media,NA,203.520.0242,http://www.dragonflyhd.com/,travelling-drones,,https://dronepilotdirectory.ca/business-directory/,
Aerialworx,NA,0845 600 1373,https://www.aerialworx.co.uk/,uav-associations,,https://dronepilotdirectory.ca/business-directory/,
AERIUM ANALYTICS/CLEAR FLIGHT SOLUTIONS,NA,403.452.7117,http://www.aeriumanalytics.com,uav-associations,,https://dronepilotdirectory.ca/business-directory/,
Sky Revolutions,NA,01778 560929,http://www.skyrevolutions.co.uk/,uav-associations,,https://dronepilotdirectory.ca/business-directory/,
SkyGlide,NA,07568 351976,http://www.sky-glide.co.uk/,uav-associations,,https://dronepilotdirectory.ca/business-directory/,
Aerial Image,NA,,http://www.aerialimage.com.au/,uav-blog,,https://dronepilotdirectory.ca/business-directory/,
Drone Analyst,NA,+1 650-995-7088,http://droneanalyst.com/,uav-blog,,https://dronepilotdirectory.ca/business-directory/,
Drone Examiner,NA,,http://www.droneexaminer.com/,uav-blog,,https://dronepilotdirectory.ca/business-directory/,
DroneBuff,NA,,http://dronebuff.com/,uav-blog,,https://dronepilotdirectory.ca/business-directory/,
DroneDefinition.com,NA,,http://www.dronedefinition.com/,uav-blog,,https://dronepilotdirectory.ca/business-directory/,
DroneGuru,NA,,http://www.droneguru.net/,uav-blog,,https://dronepilotdirectory.ca/business-directory/,
Drones For Sale,NA,,http://www.dronesfor-sale.com/,uav-blog,,https://dronepilotdirectory.ca/business-directory/,
Drones- Flying Robots Set To Become Main Stream,NA,,http://www.airdronecraze.com,uav-blog,,https://dronepilotdirectory.ca/business-directory/,
DronesInformationWebsite,NA,,http://www.buy-drones.net/,uav-blog,,https://dronepilotdirectory.ca/business-directory/,
EasyRC,NA,,http://www.easyrc.co.uk/,uav-blog,,https://dronepilotdirectory.ca/business-directory/,
Aerial VP,NA,718-790-8500,http://aerialvp.com/,uav-camera-equipment,,https://dronepilotdirectory.ca/business-directory/,
Connex,NA,408-4904686,http://www.amimon.com/,uav-camera-equipment,,https://dronepilotdirectory.ca/business-directory/,
Desire RC,NA,44 0 1202 977077,http://www.desirerc.co.uk/,uav-camera-equipment,,https://dronepilotdirectory.ca/business-directory/,
Drone.UA,NA,+380 95 555 5582,http://drone.ua/,uav-camera-equipment,,https://dronepilotdirectory.ca/business-directory/,
MinnesotaUAV,NA,952-278-2410,http://minnesotauav.com/,uav-camera-equipment,,https://dronepilotdirectory.ca/business-directory/,
NextVision Stabilized Systems,NA,+1 720 408 3212,http://www.nextvision-sys.com/,uav-camera-equipment,,https://dronepilotdirectory.ca/business-directory/,
Drone Flyers Club,NA,,http://droneflyers.club/,uav-club,,https://dronepilotdirectory.ca/business-directory/,
Drone Guy Aussie Road Trip,NA,0407 936 745,http://www.thedroneguy.com.au/,uav-club,,https://dronepilotdirectory.ca/business-directory/,
CopterFrame,NA,905456857981,http://copterframes.com/,uav-diy,,https://dronepilotdirectory.ca/business-directory/,
EasyRC,NA,,http://www.easyrc.co.uk/,uav-diy,,https://dronepilotdirectory.ca/business-directory/,
EasyRC,NA,,http://www.easyrc.co.uk/,uav-diy-builders,,https://dronepilotdirectory.ca/business-directory/,
ActiveAran,NA,,http://www.activearan.com/,uav-jobs,,https://dronepilotdirectory.ca/business-directory/,
Aerial Data Systems,NA,720-330-8320,http://aerialdatasystems.com/,uav-jobs,,https://dronepilotdirectory.ca/business-directory/,
Sky Cam East,NA,01473 273836,http://www.skycameast.co.uk/,uav-jobs,,https://dronepilotdirectory.ca/business-directory/,
The Georgia Drone,NA,(404) 981 6575,http://www.thegeorgiadrone.com/,uav-jobs,,https://dronepilotdirectory.ca/business-directory/,
Total RPA,NA,(02) 4423 2507,http://totalrpa.com.au/,uav-jobs,,https://dronepilotdirectory.ca/business-directory/,
UAS Career Central,NA,+1 808 339 6228,http://www.uascareercentral.com/,uav-jobs,,https://dronepilotdirectory.ca/business-directory/,
Vertech Imaging,NA,44 (0) 7782316018,http://www.vertechimaging.co.uk/,uav-jobs,,https://dronepilotdirectory.ca/business-directory/,
Drones in India | Quidich Aerial Solutions,NA,9561199228,http://www.quidich.com/,uav-lobby-groups,,https://dronepilotdirectory.ca/business-directory/,
ickTrading.com – Aust Based Blackout Stockist,NA,0401854354,http://www.icktrading.com/,uav-maintenance-repairs,,https://dronepilotdirectory.ca/business-directory/,
Leptron Unmanned Aircraft Systems,NA,1-800-722-2800,http://www.leptron.com/,uav-maintenance-repairs,,https://dronepilotdirectory.ca/business-directory/,
Droneresearch.org,NA,,http://www.droneresearch.org/,uav-news,,https://dronepilotdirectory.ca/business-directory/,
DronesOnVideo,NA,,http://dronesonvideo.com/,uav-news,,https://dronepilotdirectory.ca/business-directory/,
Frenchdrone,NA,+33 6 51 07 87 57,http://www.frenchidrone.com/,uav-news,,https://dronepilotdirectory.ca/business-directory/,
sUAS News,NA,,http://www.suasnews.com/,uav-news,,https://dronepilotdirectory.ca/business-directory/,
Aerial photography and videography,NA,(831) 316 - 7304,http://volareaerial.com/,uav-others,,https://dronepilotdirectory.ca/business-directory/,
Aeropuerto Drone,NA,+52 55 7044 3567,http://www.aeropuertodrone.com/,uav-others,,https://dronepilotdirectory.ca/business-directory/,
Airborne Innovations,NA,+1 720-515-3720,http://www.airborneinnovations.com/,uav-others,,https://dronepilotdirectory.ca/business-directory/,
Alta Devices,NA,1 (408) 988-8600,http://www.altadevices.com,uav-others,,https://dronepilotdirectory.ca/business-directory/,
ArcadiaSky,NA,+61 3 9018 5705,https://www.arcadiasky.com/,uav-others,,https://dronepilotdirectory.ca/business-directory/,
Drone My Business,NA,07786 194430,http://www.dronemybusiness.co.uk/,uav-others,,https://dronepilotdirectory.ca/business-directory/,
Drone Rental Supply,NA,(502) 412-6229,http://www.dronerentalsupply.com/,uav-others,,https://dronepilotdirectory.ca/business-directory/,
EasyRC,NA,,http://www.easyrc.co.uk/,uav-others,,https://dronepilotdirectory.ca/business-directory/,
geo-matching.com,NA,+31 514 561854,http://www.geo-matching.com/,uav-others,,https://dronepilotdirectory.ca/business-directory/,
MultiWiiCopter,NA,0418 983 999,http://www.multiwiicopter.com/,uav-others,,https://dronepilotdirectory.ca/business-directory/,
DroneLaw.Pro – Protecting Your Rights in the Air,NA,866 781 5873,https://www.dronelaw.pro/,uav-regulators-law,,https://dronepilotdirectory.ca/business-directory/,
Global UAV Technologies Ltd.,NA,1-888-905-7011,https://www.globaluavtech.com/,uav-regulators-law,,https://dronepilotdirectory.ca/business-directory/,
Best Drones 2 Buy,NA,,https://buythebestdrone.com/,uav-retailers,,https://dronepilotdirectory.ca/business-directory/,
Bridge City Robotics,NA,,http://www.bridgecityrobotics.com/,uav-retailers,,https://dronepilotdirectory.ca/business-directory/,
CopterFrame,NA,905456857981,http://copterframes.com/,uav-retailers,,https://dronepilotdirectory.ca/business-directory/,
Drone On Demand,NA,(816) 853 1314,http://www.droneondemand.com,uav-retailers,,https://dronepilotdirectory.ca/business-directory/,
Drone World,NA,888 901 3108,http://www.drone-world.com/,uav-retailers,,https://dronepilotdirectory.ca/business-directory/,
DroneMan.nl,NA,(020) 893 4113,http://www.droneman.nl/,uav-retailers,,https://dronepilotdirectory.ca/business-directory/,
Drones For Sale UK,NA,,http://www.dronesforsaleuk.uk/,uav-retailers,,https://dronepilotdirectory.ca/business-directory/,
EasyRC,NA,,http://www.easyrc.co.uk/,uav-retailers,,https://dronepilotdirectory.ca/business-directory/,
FPV Racing Drones UAV’s by Autobotix,NA,416 712 6010,https://www.fpvracingproducts.com/,uav-retailers,,https://dronepilotdirectory.ca/business-directory/,
General Aerial Robotics LLC,NA,,http://garlus.com/help.asp?id=1,uav-retailers,,https://dronepilotdirectory.ca/business-directory/,
Drone TV,NA,,http://filmon.com/channel/drone-race-tv/,uav-surveillance,,https://dronepilotdirectory.ca/business-directory/,
Drone.UA,NA,+380 95 555 5582,http://drone.ua/,uav-surveillance,,https://dronepilotdirectory.ca/business-directory/,
Flier Group,NA,+1 858 524 3000,http://www.fliergroupsolutions.com/,uav-surveillance,,https://dronepilotdirectory.ca/business-directory/,
Aerialindo,NA,+62 812 8315 5400,http://www.aerialindo.com/,weddings,,https://dronepilotdirectory.ca/business-directory/,
Fresh Sights Digital Media,NA,6128900990,http://fsdigitalmedia.com/,weddings,,https://dronepilotdirectory.ca/business-directory/,
Shadow Studios HD,NA,+1 330-705-2711,http://www.shadowstudioshd.com/,weddings,,https://dronepilotdirectory.ca/business-directory/,
Air Vantage Imaging, LLC, AVI Llc,NA,207 441-6700,http://airvantageimaging.com/,360-panoramas,,https://dronepilotdirectory.ca/business-directory/,
BlackHawk Aeronautical,NA,+1.7809742335,http://www.blackhawkaeronautical.com/,360-panoramas,,https://dronepilotdirectory.ca/business-directory/,
Drone Films Project,NA,(+51) 970074621,http://www.dronefilmsproject.com/,360-panoramas,,https://dronepilotdirectory.ca/business-directory/,
Flideo,NA,+33 (0) 6 28 45 08 37,http://www.flideo.fr/,360-panoramas,,https://dronepilotdirectory.ca/business-directory/,
Glidenhover,NA,+1 506-961-9442,http://glidenhover.com/,360-panoramas,,https://dronepilotdirectory.ca/business-directory/,
Glidenhover,NA,+1 506-961-9442,http://glidenhover.com/,360-panoramas,,https://dronepilotdirectory.ca/business-directory/,
J. Viru Markšeideribüroo Ltd,NA,(+372) 6 344 552,http://www.aeroman.ee/,360-panoramas,,https://dronepilotdirectory.ca/business-directory/,
Phoenixpix,NA,+43 699 11021345,http://www.phoenixpix.at/,360-panoramas,,https://dronepilotdirectory.ca/business-directory/,
PNEUMATIC DRONE CINEMA,NA,14073539022,http://pneumaticdrone.com/,360-panoramas,,https://dronepilotdirectory.ca/business-directory/,
Strategic UAV,NA,250.287.2246,http://www.strategicuav.ca,360-panoramas,,https://dronepilotdirectory.ca/business-directory/,
DronePilots.ca Inc.,NA,888-430-9819,http://www.dronepilots.ca,aerial-shooting,,https://dronepilotdirectory.ca/business-directory/,
4Dronies,NA,+351 914 391 441,http://4dronies.tumblr.com/,aerial-shooting,,https://dronepilotdirectory.ca/business-directory/,
Adelaar,NA,+32 483 02 99 47,http://adelaar.be/,aerial-shooting,,https://dronepilotdirectory.ca/business-directory/,
ADVANCED SCIENTIFIC CONCEPTS LLC,NA,805-966-3331,http://www.asc3d.com,aerial-shooting,,https://dronepilotdirectory.ca/business-directory/,
AEE MagiCam Iberia,NA,902 38 48 78,http://aee-iberia.es/,aerial-shooting,,https://dronepilotdirectory.ca/business-directory/,
Aerial Affair.com,NA,714-454-4555,http://aerialaffair.com/,aerial-shooting,,https://dronepilotdirectory.ca/business-directory/,
Aerial Agents, LLC,NA,440-241-1677,http://www.aerialagents.com/#welcome,aerial-shooting,,https://dronepilotdirectory.ca/business-directory/,
Aerial Cinematography,NA,+1 (703)989-4643,http://ridemedia.co/about-us/,aerial-shooting,,https://dronepilotdirectory.ca/business-directory/,
Aerial Look Inc.,NA,919-590-5665,http://www.aeriallook.com/,aerial-shooting,,https://dronepilotdirectory.ca/business-directory/,
Aerial MG,NA,309-306-1051,http://www.aerialmg.com/,aerial-shooting,,https://dronepilotdirectory.ca/business-directory/,
AeroVironment,NA,626.357.9983,https://www.avdroneanalytics.com/,agriculture,,https://dronepilotdirectory.ca/business-directory/,
Venta de Drones en México y Latinomarica,NA,4424545394,https://omegadrone.com.mx/,agriculture,,https://dronepilotdirectory.ca/business-directory/,
BlackHawk Aeronautical,NA,+1.7809742335,http://www.blackhawkaeronautical.com/,associations-groups,,https://dronepilotdirectory.ca/business-directory/,
FREEWAY DRONE,NA,02.38.30.57.85,http://www.freewaydrone.com/,associations-groups,,https://dronepilotdirectory.ca/business-directory/,
PNEUMATIC DRONE CINEMA,NA,14073539022,http://pneumaticdrone.com/,associations-groups,,https://dronepilotdirectory.ca/business-directory/,
The U.S. Drone Film Festival,NA,4059245105,http://www.uavfilmfestival.com/,associations-groups,,https://dronepilotdirectory.ca/business-directory/,
Limitless Film,NA,+48.717500200,http://www.limitlessfilm.pl/,buyer,,https://dronepilotdirectory.ca/business-directory/,
Maverick Drone Systems,NA,+1.612.293.8317,https://www.maverickdrone.com/,buyer,,https://dronepilotdirectory.ca/business-directory/,
Media Town,NA,+972 8-288-9980,http://mediatown.ps/en/index.php?action=,buyer,,https://dronepilotdirectory.ca/business-directory/,
Officina Multirotori,NA,3494246924,http://www.officinamultirotori.it/,buyer,,https://dronepilotdirectory.ca/business-directory/,
DronePilots.ca Inc.,NA,888-430-9819,http://www.dronepilots.ca,commercial-drones,,https://dronepilotdirectory.ca/business-directory/,
3FB Aerworx,NA,(03) 9873 1980,http://www.3fbaerworx.com.au/,commercial-drones,,https://dronepilotdirectory.ca/business-directory/,
4 Prop Photo,NA,501-944-2916,http://4-prop.com/,commercial-drones,,https://dronepilotdirectory.ca/business-directory/,
Above Barbados,NA,1 246 249 4981,http://www.abovebarbados.com/,commercial-drones,,https://dronepilotdirectory.ca/business-directory/,
Aereal,NA,628069536,http://www.aereal.pro/,commercial-drones,,https://dronepilotdirectory.ca/business-directory/,
Aerial Acuity,NA,,http://www.aerialacuity.com.au/,commercial-drones,,https://dronepilotdirectory.ca/business-directory/,
Aerial Advantage,NA,0416 521 588,http://www.aerialadvantage.com.au/,commercial-drones,,https://dronepilotdirectory.ca/business-directory/,
Aerial Footage,NA,0415 780 763  ,http://www.lookatnoosa.com/aerialfootage,commercial-drones,,https://dronepilotdirectory.ca/business-directory/,
Aerial Image Works Pty Ltd,NA,455599198,http://www.aerialimageworks.com.au/,commercial-drones,,https://dronepilotdirectory.ca/business-directory/,
Aerial Imaging Services,NA,+1.8173715917,http://www.aerialimagingservicesllc.com/,commercial-drones,,https://dronepilotdirectory.ca/business-directory/,
Ben4UAV,NA,+33.0139519515,http://ben4uav.com/,dealers-distributors,,https://dronepilotdirectory.ca/business-directory/,
Drone 55, inc.,NA,(213) 807-3935,http://www.drone55.com/,dealers-distributors,,https://dronepilotdirectory.ca/business-directory/,
Luft Foto Video,NA,+49 (0) 341 561 43 12,http://www.luftfotovideo.de/,dealers-distributors,,https://dronepilotdirectory.ca/business-directory/,
Maverick Drone Systems,NA,+1.612.293.8317,https://www.maverickdrone.com/,dealers-distributors,,https://dronepilotdirectory.ca/business-directory/,
To-Fly Drones,NA,+41 44 585 18 15,http://www.to-fly.ch/,dealers-distributors,,https://dronepilotdirectory.ca/business-directory/,
UAS Unmanned Systems Consulting,NA,+63 949 738 9048,http://www.uavphilippines.com/,dealers-distributors,,https://dronepilotdirectory.ca/business-directory/,
VideoDrone Finland Oy,NA,+358 40 0625240,http://www.videodrone.fi/,dealers-distributors,,https://dronepilotdirectory.ca/business-directory/,
