00 École de Drones,info@00dronetraining.ca,514-478-2043,https://00dronetraining.ca/,,,https://tc.canada.ca/en/aviation/drone-safety/drone-pilot-licensing/find-drone-flight-school,- - --- ---
0003D Drone School,info@flightphoto.ca,204-804-5399,https://flightphoto.ca/drone-pilot-certificates,,,https://tc.canada.ca/en/aviation/drone-safety/drone-pilot-licensing/find-drone-flight-school,2190 Argyle Avenue West Vancouver British Columbia V7V 1A4
01right Drone Academy,hi@01r.academy,778-999-9511,https://01r.academy/,,,https://tc.canada.ca/en/aviation/drone-safety/drone-pilot-licensing/find-drone-flight-school,
11 Alpha Drone Ground School,instructor@11alpha.ca,604-726-8914,https://11alpha.ca/,,,https://tc.canada.ca/en/aviation/drone-safety/drone-pilot-licensing/find-drone-flight-school,105-321 Railway ST Vancouver British Columbia V6A1A4
1st Squadrone,info@ultmed.com,778-269-2902,https://www.ultmed.com/,,,https://tc.canada.ca/en/aviation/drone-safety/drone-pilot-licensing/find-drone-flight-school,4715Hammond Bay Rd. Nanaimo British Columbia V9T 5A9
43 Degrees North Enterprises Ltd.,thoppe@43north.ca,403-370-3457,http://www.43north.ca/,,,https://tc.canada.ca/en/aviation/drone-safety/drone-pilot-licensing/find-drone-flight-school,303-9563 Jensen RD Lake Country British Columbia V4V 1S6
49 North Helicopters Training,mail@49northhelicopters.com,250-926-9292,https://www.49northhelicopters.com/,,,https://tc.canada.ca/en/aviation/drone-safety/drone-pilot-licensing/find-drone-flight-school,2200 Airport Dr Campbell River British Columbia V9H 0E2
Aboriginal Training Services Ltd.,admin@abtraining.ca,403-615-8038,https://www.abtraining.ca/,,,https://tc.canada.ca/en/aviation/drone-safety/drone-pilot-licensing/find-drone-flight-school,14410-118 Ave NW Edmonton Alberta T5L 2M5
ACCESS (Centre de formation pour adultes/Adult Education and Career Training Center),iaccess@rsb.qc.ca,514-814-7665,https://www.access.rsb.qc.ca/en/,,,https://tc.canada.ca/en/aviation/drone-safety/drone-pilot-licensing/find-drone-flight-school,163 rue Cleghorn Saint-Hubert Quebec J4R 2J4
Advanced Drone Services,jason@advanceddroneservices.ca,236-886-1910,https://www.advanceddroneservices.ca/,,,https://tc.canada.ca/en/aviation/drone-safety/drone-pilot-licensing/find-drone-flight-school,"596651 CONCESSION 10, RR 5 CHATSWORTH Ontario N0H 1G0"
Advantage Drone Training,wehrweinmike@gmail.com,403-393--717,https://tc.canada.ca/en/aviation/drone-safety/drone-pilot-licensing/No%20web%20Site,,,https://tc.canada.ca/en/aviation/drone-safety/drone-pilot-licensing/find-drone-flight-school,282 Fairmont Blvd Lethbridge Alberta T1K 7L9
Aerial Assets,aerialassets.ca@gmail.com,587-288-5050,https://aerialassets.ca/,,,https://tc.canada.ca/en/aviation/drone-safety/drone-pilot-licensing/find-drone-flight-school,Box 71144 SS PO Calgary Alberta T3B 5K2
Aerial Observation Services / Studio Eh Productions,mhoffman@telus.net,1-403-715-7307,http://www.aerialobservationservices.ca/,,,https://tc.canada.ca/en/aviation/drone-safety/drone-pilot-licensing/find-drone-flight-school,364 Red Crow BLVD W Lethbridge Alberta T1K 7M2
Aerialogic Technology Inc.,admin@aerialogic.ca,587-215--800,https://aerialogic.ca/,,,https://tc.canada.ca/en/aviation/drone-safety/drone-pilot-licensing/find-drone-flight-school,"38 Ave NE Calgary Alberta ,T2E 2M3"
Aero-Photos.ca,mikeve@aero-photos.ca,613-204-2413,https://www.aero-photos.ca/,,,https://tc.canada.ca/en/aviation/drone-safety/drone-pilot-licensing/find-drone-flight-school,171 Country road 23 RD Merrickville Ontario K0G 1N0
Aerotech Drone Solutions,Info@aerotechdronesolutions.ca,647-994-3589,https://www.aerotechdronesolutions.ca/,,,https://tc.canada.ca/en/aviation/drone-safety/drone-pilot-licensing/find-drone-flight-school,Buttonville Airport 2833 16th Ave Markham Ontario L3R 0P8
AeroVision Canada Inc.,training@aerovisioncanada.com,902-450-2824,https://aerovisioncanada.com/,,,https://tc.canada.ca/en/aviation/drone-safety/drone-pilot-licensing/find-drone-flight-school,504-6940 Mumford Rd Halifax Nova Scotia B3L 0B7
Ag Business and Crop Inc,info@agbusiness.ca,519-343-5454,https://agbusiness.ca/,,,https://tc.canada.ca/en/aviation/drone-safety/drone-pilot-licensing/find-drone-flight-school,131 Frank Lambier CRT Palmerston Ontario N0G 2P0
AgCon Aerial Corp.,info@agconaerial.com,403-813-5841,https://www.agconaerial.com/,,,https://tc.canada.ca/en/aviation/drone-safety/drone-pilot-licensing/find-drone-flight-school,101-11420 27th ST SE Calgary Alberta T2Z3R6
Agile Drone Service and Security,joe@agiledrones.ca,250-216-0254,https://www.agiledrones.ca/,,,https://tc.canada.ca/en/aviation/drone-safety/drone-pilot-licensing/find-drone-flight-school,3745 Seaton St. Victoria British Columbia V8Z 3W5
Airlink Aviation Consulting,info@airlinkconsulting.com,780-986-5321,https://www.airlinkconsulting.com/,,,https://tc.canada.ca/en/aviation/drone-safety/drone-pilot-licensing/find-drone-flight-school,20050 5201 50th ST Leduc Alberta T9E6R2
AirTech UAV Solutions Inc.,info@airtech-solutions.ca,613-888-2901,https://www.airtech-solutions.ca/,,,https://tc.canada.ca/en/aviation/drone-safety/drone-pilot-licensing/find-drone-flight-school,28 Lochinvar RD Kingston Ontario K7M 6N8
AirWrx Inc.,dfs@airwrx.com,226-344-5614,https://www.airwrx.com/,,,https://tc.canada.ca/en/aviation/drone-safety/drone-pilot-licensing/find-drone-flight-school,490 Pelissier ST Windsor Ontario N9A4K9
AlteX Academy,training@altexacademy.com,905-366-1031,https://altexacademy.com/,,,https://tc.canada.ca/en/aviation/drone-safety/drone-pilot-licensing/find-drone-flight-school,27-25 Valleywood DR Toronto Ontario L3R 5L9
Altohelix Corporation,info@altohelix.com,1-877-376-6378,http://altohelix.com/,,,https://tc.canada.ca/en/aviation/drone-safety/drone-pilot-licensing/find-drone-flight-school,1250 Airport BLVD Toronto Ontario L1J 8P5
AltoMaxx,training@altomaxx.com,833-258-6629,https://altomaxx.com/,,,https://tc.canada.ca/en/aviation/drone-safety/drone-pilot-licensing/find-drone-flight-school,004-40 Aberdeen Ave St. John’s Newfoundland and Labrador A1A 5T3
Aspect Drone Solutions,aspectdronesolutions@outlook.com,905-914-2099,https://www.aspectdronesolutions.ca/,,,https://tc.canada.ca/en/aviation/drone-safety/drone-pilot-licensing/find-drone-flight-school,3-418 Cadbury Court Waterloo Ontario N2K 3G8
Atimihaw Inc.,tansi@atimihaw.com,780-318-0041,https://www.atimihaw.com/,,,https://tc.canada.ca/en/aviation/drone-safety/drone-pilot-licensing/find-drone-flight-school,"RR1, Site 2, Box 26 Winfield Alberta T0C 2V0"
Automated Aeronautics Inc,Mitch@AutomatedAero.com,1-844-800-2376,http://www.automatedaero.com/,,,https://tc.canada.ca/en/aviation/drone-safety/drone-pilot-licensing/find-drone-flight-school,516 Hurricane Dr Calgary Alberta T3Z 3S8
AviaEye,matkojr@matkopictures.com,778-858-6016,https://www.aviaeye.com/,,,https://tc.canada.ca/en/aviation/drone-safety/drone-pilot-licensing/find-drone-flight-school,5904 191a street Surrey British Columbia V3S 7N1
Barnstormer UAV Solutions Inc.,brent@barnstormeruavsolutions.com,306-529-1374,https://barnstormeruavsolutions.com/,,,https://tc.canada.ca/en/aviation/drone-safety/drone-pilot-licensing/find-drone-flight-school,2865 Angus ST Regina Saskatchewan S4S 1N7
BC Unmanned Aerial Vehicles,Jason@bcuav.ca,250-797-2467,https://bcuav.ca/,,,https://tc.canada.ca/en/aviation/drone-safety/drone-pilot-licensing/find-drone-flight-school,Box 422 Chemainus British Columbia V0R 1K0
BlackHawk Aeronautical Solutions Inc.,matmatthews@blackhawkaeronautical.com,780-974-2335,https://www.blackhawkaeronautical.com/,,,https://tc.canada.ca/en/aviation/drone-safety/drone-pilot-licensing/find-drone-flight-school,2340 Taylor Close Edmonton Alberta T6R 3J6
BlueForce UAV Consulting & Training,Brian.Fentiman@Blueforceuav.com,250-703-1699,https://www.blueforceuav.com/,,,https://tc.canada.ca/en/aviation/drone-safety/drone-pilot-licensing/find-drone-flight-school,318 Quarry RD Comox British Columbia V9M 3C4
Brampton Flight Centre/Brampton Flying Club,rpas@bramfly.com,905-838-1400,https://www.bramptonflightcentre.com/,,,https://tc.canada.ca/en/aviation/drone-safety/drone-pilot-licensing/find-drone-flight-school,13691 McLaughlin RD Brampton Ontario L7C 2B2
Buzz Inc.,hello@buzzdroneschool.com,310-666-7462,https://www.buzzdroneschool.com/,,,https://tc.canada.ca/en/aviation/drone-safety/drone-pilot-licensing/find-drone-flight-school,1601 N Sepulveda Blvd Manhattan Beach 090266
C2 DroneWorx,wickman11@yahoo.ca,226-456-9764,https://www.c2droneworx.ca/,,,https://tc.canada.ca/en/aviation/drone-safety/drone-pilot-licensing/find-drone-flight-school,1312 Waterwheel RD London Ontario N5X 0J2
Calgary Drone Academy,grant@uavertical.com,587-998-2148,https://uavertical.com/,,,https://tc.canada.ca/en/aviation/drone-safety/drone-pilot-licensing/find-drone-flight-school,PO Box 32085 Calgary Alberta T2X 0X4
Canadian Aerial Support Academy,patrick@aerialsupport.ca,613-219-8446,https://www.aerialsupport.ca/,,,https://tc.canada.ca/en/aviation/drone-safety/drone-pilot-licensing/find-drone-flight-school,641 Bathgate Dr suite 201 Ottawa Ontario K1K 3Y3
Canadian Drone Consulting Inc.,canadiandroneconsulting@gmail.com,780-982-8878,https://www.cadroneconsulting.ca/,,,https://tc.canada.ca/en/aviation/drone-safety/drone-pilot-licensing/find-drone-flight-school,Box 680 Millet Alberta T0C 1Z0
Canadian Drone Institute,info@thecanadiandroneinstitute.com,1-866-209-7214,https://thecanadiandroneinstitute.com/,,,https://tc.canada.ca/en/aviation/drone-safety/drone-pilot-licensing/find-drone-flight-school,623 Fortune CRES Kingston Ontario K7P 0I5
Canadian Drone School,grant@calgarydrone.ca,587-998-2148,https://uavertical.com1/,,,https://tc.canada.ca/en/aviation/drone-safety/drone-pilot-licensing/find-drone-flight-school,"PO Box 32085, Silverado Calgary Alberta T2X 0X4"
Canadian Flyers International Inc.,y.dai@canadianflyers.com,647-996-9491,https://canadianflyers.com/,,,https://tc.canada.ca/en/aviation/drone-safety/drone-pilot-licensing/find-drone-flight-school,2833 16th Ave Markham Ontario L3R 0P8
Canadian UAVs,sean.greenwood@canadianuavs.ca,1-800-710-0730,https://canadianuavs.com/,,,https://tc.canada.ca/en/aviation/drone-safety/drone-pilot-licensing/find-drone-flight-school,6732 8th St NE Calgary Alberta T2E 8M4
Canadian Unmanned Inc.,info@canadianunmanned.com,403-580-8008,http://canadianunmanned.com/,,,https://tc.canada.ca/en/aviation/drone-safety/drone-pilot-licensing/find-drone-flight-school,PO BOX 21031 Medicinne Hat Alberta T1A 8M3
Canadrone Inspection & Imaging Services Inc.,info@canadrones.ca,1-888-777-1055,http://www.canadrones.ca/,,,https://tc.canada.ca/en/aviation/drone-safety/drone-pilot-licensing/find-drone-flight-school,11 Eaglmere Dr Winnipeg Manitoba R2K 4K3
Candrone / Heli Video Pros,Rich@candrone.com,1-866-824-1031,https://candrone.com/,,,https://tc.canada.ca/en/aviation/drone-safety/drone-pilot-licensing/find-drone-flight-school,2999 Underhill AVE Vancouver British Columbia V5A 3C2
Canfly Drones,marc@canflydrones.com,780-405-5935,https://www.canflydrones.com/,,,https://tc.canada.ca/en/aviation/drone-safety/drone-pilot-licensing/find-drone-flight-school,12428 109 Avenue Edmonton Alberta T5M 2E5
Capital Drone Training Centre,info@capitaldrone.ca,819-665-1341,https://www.capitaldronetrainingcentre.ca/,,,https://tc.canada.ca/en/aviation/drone-safety/drone-pilot-licensing/find-drone-flight-school,577 Somerset St W Ottawa Ontario K1R 5J4
CE Strategies Inc.,training@cestrategies.ca,807-285-0530,https://www.cestrategies.ca/,,,https://tc.canada.ca/en/aviation/drone-safety/drone-pilot-licensing/find-drone-flight-school,"Unit 203, 8a Cumberland Street North Thunder Bay Ontario P7A 4K9"
Centre québécois de formation aéronautique (CQFA),jlaroche@cqfa.ca,418-673-3421,http://www.cqfa.ca/,,,https://tc.canada.ca/en/aviation/drone-safety/drone-pilot-licensing/find-drone-flight-school,1 L'Aéroport ST Dorval Quebec G0V 1L0
City Hova Inc,info@cityhova.com,1-888-464-4682,https://www.cityhova.com/,,,https://tc.canada.ca/en/aviation/drone-safety/drone-pilot-licensing/find-drone-flight-school,A-286 Charlton Ave W Hamilton Ontario L8P 2E5
Clarion Drone Academy,bruce@clariondrones.com,519-804-1058,https://www.clariondrones.com/,,,https://tc.canada.ca/en/aviation/drone-safety/drone-pilot-licensing/find-drone-flight-school,115 Ardelt AVE Kitchener Ontario N2C 2E1
Clear Sky Aerial,clayton.rutberg@clearskyaerial.ca,403-331-4628,https://www.clearskyaerial.ca/,,,https://tc.canada.ca/en/aviation/drone-safety/drone-pilot-licensing/find-drone-flight-school,2132 Cottonwood Drive Coaldale Alberta T1M 0A6
Coastal Drone Co.,ian@coastaldrone.co,604-928-4535,http://coastaldrone.co/,,,https://tc.canada.ca/en/aviation/drone-safety/drone-pilot-licensing/find-drone-flight-school,13734 104 AVE Surrey British Columbia V3T 4H4
Collège iFly,info@iflycollege.ca,418-643-4013,https://www.iflycollege.ca/,,,https://tc.canada.ca/en/aviation/drone-safety/drone-pilot-licensing/find-drone-flight-school,"706, 7è avenue de l’Aéroport Québec Quebec G2G 2T6"
Combined Workplace Safety Consulting Inc.,info@combinedworkplacesafety.ca,800-381--423,https://www.combinedworkplacesafetyconsulting.ca/,,,https://tc.canada.ca/en/aviation/drone-safety/drone-pilot-licensing/find-drone-flight-school,PO Box 87 Lac La Hache British Columbia V0K 1T0
Ctrl - 12372266 Canada Inc.,chris@goctrl.ca,437-230-7145,https://www.goctrl.ca/,,,https://tc.canada.ca/en/aviation/drone-safety/drone-pilot-licensing/find-drone-flight-school,51 Harrison Ave Guelph Ontario N1H5K3
CTS Tek Inc.,info@ctstek.ca,613-888-2901,http://www.ctstek.ca/,,,https://tc.canada.ca/en/aviation/drone-safety/drone-pilot-licensing/find-drone-flight-school,132 Winding River Rise Calgary Alberta T3Z 3T5
D-Labs Aerospace,Info@d-labs.ca,416-356-1295,https://www.d-labs.ca/,,,https://tc.canada.ca/en/aviation/drone-safety/drone-pilot-licensing/find-drone-flight-school,19 Partridge CIR Woodbridge Ontario L4L 3X2
DecisionWorks Consulting Inc,Heather.sorensen@decisionworks.ca,204-292-4456,https://www.decisionworks.ca/,,,https://tc.canada.ca/en/aviation/drone-safety/drone-pilot-licensing/find-drone-flight-school,26 Chase Drive East St Paul Manitoba R2E 0H6
Digital Content Solutions Inc.,info@DCSdigital.ca,416-301-2750,https://www.dcsdigital.ca/,,,https://tc.canada.ca/en/aviation/drone-safety/drone-pilot-licensing/find-drone-flight-school,49A Holborne AVE Toronto Ontario M4C 2P8
Don Drones On,DonDronesOn@gmail.com,613-327-8914,http://www.dondroneson.com/,,,https://tc.canada.ca/en/aviation/drone-safety/drone-pilot-licensing/find-drone-flight-school,11 Red Oaks Trail Stittsville Ontario K2S 1E2
Dorval Aviation,info@dorvalaviation.com,514-633-7186,https://dorvalaviation.com/,,,https://tc.canada.ca/en/aviation/drone-safety/drone-pilot-licensing/find-drone-flight-school,202-9025 Av Ryan Dorval Quebec H9P 1A2
Dragon Air UAS Canada Ltd.,brianriddell1@rogers.com,519-740-7900,https://www.dragonairuas.com/,,,https://tc.canada.ca/en/aviation/drone-safety/drone-pilot-licensing/find-drone-flight-school,153 Harwood Rd. Cambridge Ontario N1S 4R9
Drone AB,droneab@tlb.sympatico.ca,819-860-0194,https://www.droneab.com/,,,https://tc.canada.ca/en/aviation/drone-safety/drone-pilot-licensing/find-drone-flight-school,"109, chemin de la Baie-de-la-Paix Val-d’Or Quebec J9P 4N7"
Drone Academy Canada,caswellaviation@shaw.ca,403-703-1136,https://droneacademycanada.ca/,,,https://tc.canada.ca/en/aviation/drone-safety/drone-pilot-licensing/find-drone-flight-school,11 Bridlecreek Terrace SW Calgary Alberta T2Y 3N7
Drone Académie,info@droneacademie.ca,438-377-3318,https://droneacademie.ca/,,,https://tc.canada.ca/en/aviation/drone-safety/drone-pilot-licensing/find-drone-flight-school,4302 La Fontaine Montréal Quebec H1V 1N8
Drone Action 360,slaurin@droneaction360.ca,1-844-519-4184,https://www.droneaction360.ca/,,,https://tc.canada.ca/en/aviation/drone-safety/drone-pilot-licensing/find-drone-flight-school,85 Saint-Charles ST W Longueuil Quebec J4H 1C5
Drone Air,Info@droneairtoday.com,,https://www.droneairtoday.com/,,,https://tc.canada.ca/en/aviation/drone-safety/drone-pilot-licensing/find-drone-flight-school,35 Doran Rd Midhurst Ontario L9X 1L3
Drone Box Production,DRONEBOX.CA@GMAIL.COM,438-275-7693,https://www.dronebox.ca/,,,https://tc.canada.ca/en/aviation/drone-safety/drone-pilot-licensing/find-drone-flight-school,2014 de Chambly ST Montreal Quebec H1W 3J4
DRONE FX CANADA,ANDREW@DRONEFXCANADA.COM,587-988-4017,https://www.dronefxcanada.com/,,,https://tc.canada.ca/en/aviation/drone-safety/drone-pilot-licensing/find-drone-flight-school,39 Snowbird Cresent Leduc Alberta T7X 3N3
Drones View Canada,Dronesviewcanada@gmail.com,519-574-9799,https://www.dronesview.ca/,,,https://tc.canada.ca/en/aviation/drone-safety/drone-pilot-licensing/find-drone-flight-school,51-60 Arkel Rd Guelph Ontario N1L0N8
DRONETECHNIC BVLOS & VLOS,mlizotte@total.net,514-814-7665,https://www.dronetechnic.net/,,,https://tc.canada.ca/en/aviation/drone-safety/drone-pilot-licensing/find-drone-flight-school,6 Guevremont Varennes Quebec J3X 1R2
DroneXperts,Jeannot.Brousseau@dronexperts.com,418-476-3007,https://www.dronexperts.com/,,,https://tc.canada.ca/en/aviation/drone-safety/drone-pilot-licensing/find-drone-flight-school,2059 avenue Branly AVE Quebec Quebec G1N 4C7
Dynamic Drone,info@dynamicdrone.ca,204-272-9800,https://www.dynamicdrone.ca/,,,https://tc.canada.ca/en/aviation/drone-safety/drone-pilot-licensing/find-drone-flight-school,Box 621 0 Winnipeg Beach Manitoba R0C 3G0
Eagle's Eye Drones & training,info@eagleseye-drones.com,780-485-7613,https://eagleseye-drones.com/,,,https://tc.canada.ca/en/aviation/drone-safety/drone-pilot-licensing/find-drone-flight-school,10824 -85 Ave Edmonton Alberta T6H 1P8
Earth & Sky Geomatics,info@earthandskygeomatics.ca,403-614-4823,https://www.earthandskygeomatics.ca/,,,https://tc.canada.ca/en/aviation/drone-safety/drone-pilot-licensing/find-drone-flight-school,252 Hidden Circle 0 Calgary Alberta T3A 5G7
Elevation Droneworks,fly@elevationdrone.ca,306-533-7938,https://www.elevationdrone.ca/,,,https://tc.canada.ca/en/aviation/drone-safety/drone-pilot-licensing/find-drone-flight-school,138 Brockelbank Crescent Regina Saskatchewan S4R 6J8
Exo Drone (9090436 Canada Inc.),benoit@exodrone.com,450-664-0505,http://www.exodrone.com/,,,https://tc.canada.ca/en/aviation/drone-safety/drone-pilot-licensing/find-drone-flight-school,4025 Leman BLVD Laval Quebec H7E 1A2
"Fanshawe College, School of Aviation Technology",RPAS@fanshawec.ca,519-452-4277,https://www.fanshawec.ca/,,,https://tc.canada.ca/en/aviation/drone-safety/drone-pilot-licensing/find-drone-flight-school,1000 Air Canada RD London Ontario N5V 3S4
FlytBox Aerial Solutions Inc.,maxime@flytbox.ca,902-292-3737,https://www.flytbox.ca/,,,https://tc.canada.ca/en/aviation/drone-safety/drone-pilot-licensing/find-drone-flight-school,"Unit 201, 26 Akerley Drive Dartmouth Nova Scotia B3B 1E4"
Fusion Aeroworks Inc.,mlizotte@total.net,416-333-7904,https://www.fusionaeroworks.ca/,,,https://tc.canada.ca/en/aviation/drone-safety/drone-pilot-licensing/find-drone-flight-school,Unit 1 - 61 Telson Rd Markham Ontario L3R 1E4
"G. Raymond Chang School of Continuing Education, Ryerson University",a2brinsm@ryerson.ca,416-979-5035,https://ce-online.ryerson.ca/ce/default.aspx,,,https://tc.canada.ca/en/aviation/drone-safety/drone-pilot-licensing/find-drone-flight-school,297 Victoria ST Toronto Ontario M5B 2K3
G.D.G Environnement,drone@gdg.ca,819-373-3097,https://www.gdg.ca/,,,https://tc.canada.ca/en/aviation/drone-safety/drone-pilot-licensing/find-drone-flight-school,430 Rue St-Laurent Trois-Rivières Quebec G8T 6H3
Gilchrist Aeronautics,hello@gilchristaeronautics.com,647-694-5524,https://www.gilchristaeronautics.com/,,,https://tc.canada.ca/en/aviation/drone-safety/drone-pilot-licensing/find-drone-flight-school,40 Kenway RD Etobicoke Ontario M8X 3W8
Globe Hawk Drones,info@globehawksurvey.com,1-204-998-9997,https://www.globehawkdrones.com/,,,https://tc.canada.ca/en/aviation/drone-safety/drone-pilot-licensing/find-drone-flight-school,407 Helicopter DR Winnipeg Manitoba R1A3P7
Great Lakes Helicopter Corp.,info@glheli.ca,877-648-3732,https://glheli.ca/,,,https://tc.canada.ca/en/aviation/drone-safety/drone-pilot-licensing/find-drone-flight-school,4685 Fountain St. N. Cambridge Ontario N3H 4R6
HarvsAir (pilottraining.ca),adam@harvsair.com,204-326-2434,http://harvsair.com/,,,https://tc.canada.ca/en/aviation/drone-safety/drone-pilot-licensing/find-drone-flight-school,Box 1056 Steinbach Manitoba R5G 1M8
Helios UAV,info@heliosuav.com,450-600-0635,http://www.heliosuav.com/,,,https://tc.canada.ca/en/aviation/drone-safety/drone-pilot-licensing/find-drone-flight-school,980 de l'Express Terrebonne Quebec J6W 6K9
High In The Sky Drone Services,groundschool@hitsdrone.com,780-835-9482,https://hitsdrone.com/,,,https://tc.canada.ca/en/aviation/drone-safety/drone-pilot-licensing/find-drone-flight-school,10607 106 Street Fairview Alberta TOH 1LO
HighCloud Solutions Télépilotées inc,info@highcloud.ca,450-915-1188,https://www.highcloud.ca/,,,https://tc.canada.ca/en/aviation/drone-safety/drone-pilot-licensing/find-drone-flight-school,106 Place Todoro Cowansville Quebec J2K 3G6
Hummingbird Drones Inc.,info@flysmarttraining.ca,250-857-5411,https://flysmarttraining.ca/,,,https://tc.canada.ca/en/aviation/drone-safety/drone-pilot-licensing/find-drone-flight-school,302-560 Johnson Street Victoria British Columbia V8W 3C6
I/Drone Montreal,info@idronemontreal.com,450-512-2358,http://idronemontreal.com/,,,https://tc.canada.ca/en/aviation/drone-safety/drone-pilot-licensing/find-drone-flight-school,"21, montée Major Laval Quebec H7N 4R9"
IN-FLIGHT Data Inc.,chris@inflightdata.ca,403-512-8805,http://www.inflightdata.ca/,,,https://tc.canada.ca/en/aviation/drone-safety/drone-pilot-licensing/find-drone-flight-school,2 Winters Way Okotoks Alberta T1S 1W9
Indigenous Aerospace Corp.,Jacob.taylor@indigenousaerospace.com,705-868--155,https://indigenousaerospace.com/,,,https://tc.canada.ca/en/aviation/drone-safety/drone-pilot-licensing/find-drone-flight-school,1574 Chiefswood Road Ohsweken Ontario N0A 1M0
Indro Robotics Inc.,contact@indrorobotics.com,250-931-3933,https://www.indrorobotics.ca/,,,https://tc.canada.ca/en/aviation/drone-safety/drone-pilot-licensing/find-drone-flight-school,100 - 334 Upper Ganges RD Salt spring island British Columbia V8K 1R7
ING Robotic Aviation Inc.,ian.glenn@ingrobotic.com,1-855-464-8287,http://ingrobotic.com/,,,https://tc.canada.ca/en/aviation/drone-safety/drone-pilot-licensing/find-drone-flight-school,1455 Youville DR Ottawa Ontario K1C 6Z7
Interlake Drone Service,info@interlakedrones.com,204-802-0181,https://interlakedrones.com/,,,https://tc.canada.ca/en/aviation/drone-safety/drone-pilot-licensing/find-drone-flight-school,12 Loch Woods Drive Box 228 Camp Morton Manitoba R0C 0M0
IRC Building Sciences Group,uav@ircgroup.com,519-239-4829,https://www.ircgroup.com/,,,https://tc.canada.ca/en/aviation/drone-safety/drone-pilot-licensing/find-drone-flight-school,2121 Argentia Road Mississauga Ontario L5N 2X4
ITPS Canada Limited,Mick@itpscanada.com,519-457-3625,http://www.itpscanada.com/,,,https://tc.canada.ca/en/aviation/drone-safety/drone-pilot-licensing/find-drone-flight-school,2410 Blair BLVD London Ontario N5V 3Z9
Journey Air Ltd.,robert.harkness@journeyair.com,519-969-3232,https://www.journeyair.com/,,,https://tc.canada.ca/en/aviation/drone-safety/drone-pilot-licensing/find-drone-flight-school,2800 Hayes Road Windsor Ontario N8W 1Z4
Kadam Aero,info@kadamaero.ca,226-750-2328,https://kadamaero.ca/,,,https://tc.canada.ca/en/aviation/drone-safety/drone-pilot-licensing/find-drone-flight-school,41 Ellison Ave Beeton Ontario L0G 1A0
KoptR Image,info@koptrimage.com,450-813-7733,http://www.koptrimage.com/,,,https://tc.canada.ca/en/aviation/drone-safety/drone-pilot-licensing/find-drone-flight-school,2335 L'Aéroport ST St-Mathieu-de-Beloeil Quebec J3G 0C9
Langley Flying School,administration@langleyflyingschool.com,604-532-6461,http://www.langleyflyingschool.com/,,,https://tc.canada.ca/en/aviation/drone-safety/drone-pilot-licensing/find-drone-flight-school,"Unit 110, 5385, 216 Street Langley British Columbia V2Y 2N3"
LinxUAV,c.sthilaire@linxuav.ca,204-998-9997,https://linxuav.ca/,,,https://tc.canada.ca/en/aviation/drone-safety/drone-pilot-licensing/find-drone-flight-school,18 Howard Crescent Barrie Ontario L4M 2L8
LU-CARIS (Lakehead University),caris@lakeheadu.ca,807-346-7743,https://www.lakeheadu.ca/academics/departments/nrm/research/facilities/lucaris,,,https://tc.canada.ca/en/aviation/drone-safety/drone-pilot-licensing/find-drone-flight-school,955 Oliver RD Thunder Bay Ontario P7B 5E1
M3 Drone Training Zone Inc.,m3aerial@gmail.com,204-800-0220,https://www.m3aerial.com/,,,https://tc.canada.ca/en/aviation/drone-safety/drone-pilot-licensing/find-drone-flight-school,Suite 300 330 St Mary Ave Winnipeg Manitoba R3C 3Z5
Map Tech Inc.,info@maptech.ca,403-910-5504,https://www.maptech.ca/,,,https://tc.canada.ca/en/aviation/drone-safety/drone-pilot-licensing/find-drone-flight-school,1 Robinson DR Okotoks Alberta TlS1C3
Microdrones Canada Inc.,michel.lizotte@microdrones.com,1-866-874-3566,https://www.microdrones.com/,,,https://tc.canada.ca/en/aviation/drone-safety/drone-pilot-licensing/find-drone-flight-school,2911 RUE Du Meunier Vaudreuil-Dorion Quebec J7V 8P2
MIR Aviation,miraviation@shaw.ca,587-349-3690,http://miraviation.com/,,,https://tc.canada.ca/en/aviation/drone-safety/drone-pilot-licensing/find-drone-flight-school,156 Silver Brook Calgary Alberta T3B 3J1
Mitchinson Flight Centre,info@flymitchinson.com,306-244-6714,https://www.flymitchinson.com/,,,https://tc.canada.ca/en/aviation/drone-safety/drone-pilot-licensing/find-drone-flight-school,2620 Thayer AVE Saskatoon Saskatchewan S7L 651
Mohawk college of Applied Arts and Technology,cetechology@mohawkcollege.ca,905-575-2203,https://www.mohawkcollege.ca/,,,https://tc.canada.ca/en/aviation/drone-safety/drone-pilot-licensing/find-drone-flight-school,135 Fennell AVE W Hamilton Ontario L9C 0E5
New Brunswick Community College,humanresources@nbcc.ca,506-462-5012,https://www.nbcc.ca/,,,https://tc.canada.ca/en/aviation/drone-safety/drone-pilot-licensing/find-drone-flight-school,284 Smythe ST Fredericton New Brunswick E3B 3C9
New Vista Aerial Services,eadieranch@gmail.com,403-704-3008,https://www.newvistaaerialservices.com/,,,https://tc.canada.ca/en/aviation/drone-safety/drone-pilot-licensing/find-drone-flight-school,Box 971 Rimbey Alberta T0C 2J0
Nova Scotia Community College,Julia.Brandwin-Glait@nscc.ca,902-491-4258,https://www.nscc.ca/,,,https://tc.canada.ca/en/aviation/drone-safety/drone-pilot-licensing/find-drone-flight-school,5685 Leads Street Halifax Nova Scotia B3K 2T3
Nuskan Inc.,info@nuskan.com,403-984-9020,http://nuskan.com/,,,https://tc.canada.ca/en/aviation/drone-safety/drone-pilot-licensing/find-drone-flight-school,Suite 250 237 8th AVE Calgary Alberta T2G 5C3
Osprey Integrity Limited,matt@ospreyintegrity.com,778-228-8909,https://www.ospreyintegrity.com/,,,https://tc.canada.ca/en/aviation/drone-safety/drone-pilot-licensing/find-drone-flight-school,109 River Heights Drive Cochrane Alberta T4C 0J5
Ottawa Valley Agri Drones Inc.,dave@ottawavalleyagridrones.com,613-401-1405,https://www.ottawavalleyagridrones.com/,,,https://tc.canada.ca/en/aviation/drone-safety/drone-pilot-licensing/find-drone-flight-school,"1077 Allen Road, Deep River Ontario K0J1P0"
Pegasus Imagery Ltd,info@pegaususimagery.ca,587-986-3063,https://www.pegasusimagery.ca/,,,https://tc.canada.ca/en/aviation/drone-safety/drone-pilot-licensing/find-drone-flight-school,27018 SH 633 Unit 43 Sturgeon County Alberta T8T 0E3
PerryAir,justin@perryair.ca,604-848-5083,https://www.perryair.ca/,,,https://tc.canada.ca/en/aviation/drone-safety/drone-pilot-licensing/find-drone-flight-school,PO box 726 Garibaldi Highlands Garibaldi Highlands British Columbia V0N 1T0
Phoenix Heli-Flight Inc.,fly@phfymm.com,780-799-0141,https://phoenixheliflight.com/,,,https://tc.canada.ca/en/aviation/drone-safety/drone-pilot-licensing/find-drone-flight-school,1001 Saline Creek Parkway Fort McMurray Alberta T9H 0H8
Principal Point Geo Solutions,info@principalpointgeo.com,905-572-5095,http://www.principalpointgeo.com/,,,https://tc.canada.ca/en/aviation/drone-safety/drone-pilot-licensing/find-drone-flight-school,87 Haddon AVE N Hamilton Ontario L8S 4A4
Queen City Drone Productions and Training,queencitydroneregina@outlook.com,306-527-1537,https://www.queencitydroneregina.com/,,,https://tc.canada.ca/en/aviation/drone-safety/drone-pilot-licensing/find-drone-flight-school,8302 Sherwood drive Regina Saskatchewan S4Y 1J5
Remote Ops. Corp.,info@remoteops.ca,306-716-1197,https://www.remoteops.ca/,,,https://tc.canada.ca/en/aviation/drone-safety/drone-pilot-licensing/find-drone-flight-school,5523 Dalrymple Hill NW Calgary Alberta T3A1R1
Remotely Piloted Aircraft Systems Operations & Training Corporation (RPASOTC),info@rpasotc.ca,833-772-7682,http://www.rpasotc.ca/,,,https://tc.canada.ca/en/aviation/drone-safety/drone-pilot-licensing/find-drone-flight-school,95 Townsend DR Breslau Ontario N0B 1M0
Remotely Piloted Aircraft Training and Consulting(RPATC),contact@RPATC.ca,,https://www.rpatc.com/,,,https://tc.canada.ca/en/aviation/drone-safety/drone-pilot-licensing/find-drone-flight-school,Box 23007 Winnipeg Manitoba R3T 5S3
Resourceful UAV Works Incorporated,marina@resourcefuluavworks.ca,778-228-8909,https://www.resourcefuluavworks.ca/,,,https://tc.canada.ca/en/aviation/drone-safety/drone-pilot-licensing/find-drone-flight-school,48 Fireside Cochrane Alberta T4C 2L4
RotorBrains,learn@RotorBrains.com,,https://rotorbrains.com/,,,https://tc.canada.ca/en/aviation/drone-safety/drone-pilot-licensing/find-drone-flight-school,Box 23007 Winnipeg Manitoba R3T 5S3
Roverwiz,info@roverwiz.com,289-872-0666,https://roverwiz.com/,,,https://tc.canada.ca/en/aviation/drone-safety/drone-pilot-licensing/find-drone-flight-school,210-10909 Yonge ST Richmond Hill Ontario L4C3E3
RPAS CENTRE,info@rpascentre.com,1-877-376-6378,https://www.rpascentre.com/,,,https://tc.canada.ca/en/aviation/drone-safety/drone-pilot-licensing/find-drone-flight-school,2833 16TH AVE Markham Ontario L3R 0P8
RPAS Training and Consulting Ltd.,kris@rtac.ca,204-999-8915,https://www.rtac.ca/,,,https://tc.canada.ca/en/aviation/drone-safety/drone-pilot-licensing/find-drone-flight-school,1014 Jessie Ave Winnipeg Manitoba R3M 1B2
RPM Aerial Services Inc.,info@rpmaerialinc.ca,888-776-8287,https://www.rpmaerialinc.ca/,,,https://tc.canada.ca/en/aviation/drone-safety/drone-pilot-licensing/find-drone-flight-school,34 Salmonier LINE Holyrood Newfoundland and Labrador A1X6M9
RPV Aviation,training@volatusaerospace.com,1-647-313-2485,http://www.uavtraining.ca/,,,https://tc.canada.ca/en/aviation/drone-safety/drone-pilot-licensing/find-drone-flight-school,60 Airport Road Oro Station Ontario LOL 2E0
Safesight Exploration Inc.,training@safesightxp.com,705-707-2487,https://www.safesightxp.com/,,,https://tc.canada.ca/en/aviation/drone-safety/drone-pilot-licensing/find-drone-flight-school,2181 Trout Lake Rd. North Bay Ontario P1B 7S3
Silvacom Ltd,silvacom@silvacom.com,780-462-3238,https://www.silvacom.com/,,,https://tc.canada.ca/en/aviation/drone-safety/drone-pilot-licensing/find-drone-flight-school,3912 – 91 Street NW Edmonton Alberta T6E 5K7
Sky Sight Aerial Solutions Inc.,info@skysight.ca,844-759-0008,https://www.skysight.ca/,,,https://tc.canada.ca/en/aviation/drone-safety/drone-pilot-licensing/find-drone-flight-school,"Unit 11, 3325 Harvester Road Burlington Ontario L7N 3N2"
Skydrone UAV Services Inc.,rwyers@skydroneuavs.com,1-800-670-1364,https://www.skydroneuavs.com/,,,https://tc.canada.ca/en/aviation/drone-safety/drone-pilot-licensing/find-drone-flight-school,309-5980 2nd ST Grand Forks British Columbia V0H 1 H4
Skygate Videography Inc.,training@skygatedrones.com,902-432-0651,https://skygatedrones.com/,,,https://tc.canada.ca/en/aviation/drone-safety/drone-pilot-licensing/find-drone-flight-school,15 Granville ST Summerside Prince Edward Island C1N 2Y7
Southern Alberta Institute of Technology (SAIT),aerocentre@sait.ca,1-403-774-5228,http://www.sait.ca/,,,https://tc.canada.ca/en/aviation/drone-safety/drone-pilot-licensing/find-drone-flight-school,1301 16 AVE NW Calgary Alberta T2M 0L4
Spectral Aviation,info@spectralaviation.com,581-888-9044,http://spectralaviation.com/,,,https://tc.canada.ca/en/aviation/drone-safety/drone-pilot-licensing/find-drone-flight-school,1800 Bresse ST Quebec Quebec G2G 2P2
St. Lawrence River Institute of Environmental Sciences. / RiverLabs,info@riverinstitute.ca,613-936-6620,https://riverlabs.ca/,,,https://tc.canada.ca/en/aviation/drone-safety/drone-pilot-licensing/find-drone-flight-school,2 St. Lawrence DR Cornwall Ontario K6H 421
Stinson Aerial Services Inc.,hello@Stinsonaerial.ca,250-897-5531,https://www.stinsonaerial.ca/,,,https://tc.canada.ca/en/aviation/drone-safety/drone-pilot-licensing/find-drone-flight-school,8622 Enns Rd Black Creek British Columbia V9J 1H8
SuavAir Aerial Imaging Ltd,Info@suavair.com,604-848-5083,http://www.suavair.com/,,,https://tc.canada.ca/en/aviation/drone-safety/drone-pilot-licensing/find-drone-flight-school,2025 Arnason RD Campbell River British Columbia V9W8E2
Sugu Drone Training,info@sugu.ca,1-888-359-7848,https://www.sugudrones.com/,,,https://tc.canada.ca/en/aviation/drone-safety/drone-pilot-licensing/find-drone-flight-school,2833 16th AVE Markham Ontario L3R 0P8
Swift Drone Academy Inc.,info@swiftdroneacademy.ca,613-697-1004,http://www.swiftdroneacademy.ca/,,,https://tc.canada.ca/en/aviation/drone-safety/drone-pilot-licensing/find-drone-flight-school,1443 Cheverny Cres Ottawa Ontario K4A 3C8
Switchback Spatial Solutions Ltd.,info@switchbackspatial.ca,403-968-2498,https://switchbackspatial.ca/,,,https://tc.canada.ca/en/aviation/drone-safety/drone-pilot-licensing/find-drone-flight-school,119 Wedgewood Drive SW Calgary Alberta T3C 3G9
Synergy Flight Training Ltd.,Info@Synergyaviation.ca,780-750-4994,https://synergyaviation.ca/,,,https://tc.canada.ca/en/aviation/drone-safety/drone-pilot-licensing/find-drone-flight-school,"Building 38, 39 & 42 32-27018, SH633 Villeneuve Airport Sturgeon County Alberta T8T 0E3"
The First Nations Technical Institute,joannet@fnti.net,613-849-7124,https://fnti.net/,,,https://tc.canada.ca/en/aviation/drone-safety/drone-pilot-licensing/find-drone-flight-school,3 Old York Road Deseronto Ontario K0K 1X0
The Security Centre Limited,rpas@thesecuritycentre.ca,780-951-1471,https://thesecuritycentre.ca/,,,https://tc.canada.ca/en/aviation/drone-safety/drone-pilot-licensing/find-drone-flight-school,206-11445 124 ST Edmonton Alberta T5M 0K4
TIER 1 UAV Solutions,johnsaundersphotography@gmail.com,902-719-7427,http://www.tier1uavs.com/about,,,https://tc.canada.ca/en/aviation/drone-safety/drone-pilot-licensing/find-drone-flight-school,160 Palmer RD Aylesford Nova Scotia B0P 1C0
Tilt/Shift,jbakker@shiftenvironmental.com,250-618-5529,https://tiltshift.ca/,,,https://tc.canada.ca/en/aviation/drone-safety/drone-pilot-licensing/find-drone-flight-school,38 Victoria Cres Nanaimo British Columbia V9R 5B8
Tom's Basement RPAS and Brewery,tom@tomsbasement.ca,-,https://www.tomsbasement.ca/,,,https://tc.canada.ca/en/aviation/drone-safety/drone-pilot-licensing/find-drone-flight-school,- - --- ---
Toronto Airways Inc,russellbyun@altohelix.com,905-404-9252,https://torontoairways.com/,,,https://tc.canada.ca/en/aviation/drone-safety/drone-pilot-licensing/find-drone-flight-school,1250 Airport BLVD Oshawa Ontario L1J 8P5
UAVertical Ltd,grant@uavertical.com,587-998-2148,https://uavertical.com/,,,https://tc.canada.ca/en/aviation/drone-safety/drone-pilot-licensing/find-drone-flight-school,"PO Box 32085, Silverado Calgary Alberta T2X 0X4"
Unmanned Aerial Solutions Canada Ltd.,info@UASCanada.ca,613-361-2297,https://www.uascanada.ca/,,,https://tc.canada.ca/en/aviation/drone-safety/drone-pilot-licensing/find-drone-flight-school,16921 Headline RD Long Sault Ontario K0C 1P0
UTC North America,info@utcna.com,905-731-3153,https://utcna.com/,,,https://tc.canada.ca/en/aviation/drone-safety/drone-pilot-licensing/find-drone-flight-school,"Unit 288-290, 505 Hwy 7 Thornhill Ontario L3T 7T1"
Veterans Elite drone Training Services Inc.,training@vedts.ca,204-962--868,https://www.vedts.ca/,,,https://tc.canada.ca/en/aviation/drone-safety/drone-pilot-licensing/find-drone-flight-school,88 Attache Drive Winnipeg Manitoba R2V 3L5
Victoria Air Photos and Survey Training,straightline8@gmail.com,250-507-6421,http://victoriaairphotos.com/pilot_training.html,,,https://tc.canada.ca/en/aviation/drone-safety/drone-pilot-licensing/find-drone-flight-school,7960 Arthur DR Victoria British Columbia V8M 1V2
VICTORIA FLYING CLUB,,250-656-2833,http://flyvfc.com/,,,https://tc.canada.ca/en/aviation/drone-safety/drone-pilot-licensing/find-drone-flight-school,101-1852 CANSO RD Sidney British Columbia V8L 5V5
Victory UAV,support@victoryuav.ca,780-513-6233,https://victoryuav.ca/,,,https://tc.canada.ca/en/aviation/drone-safety/drone-pilot-licensing/find-drone-flight-school,10931 123 ST Grande Prairie Alberta T8V 7Z3
Visualize UAV Ltd.,Thomas@visualizeuav.ca,780-792-6090,https://www.visualizeuav.ca/,,,https://tc.canada.ca/en/aviation/drone-safety/drone-pilot-licensing/find-drone-flight-school,405 Heritage DR Fort McMurray Alberta T9K 1S4
Volatus Unmanned Services,training@volatusaerospace.com,1-833-865-2887,https://www.volatusaerospace.com/training/,,,https://tc.canada.ca/en/aviation/drone-safety/drone-pilot-licensing/find-drone-flight-school,60 Airport Road Oro-Medonte Ontario L0L 2E0
Voyageur Technologies LTD,info@voytech.ca,780-257-1160,https://www.voytech.ca/,,,https://tc.canada.ca/en/aviation/drone-safety/drone-pilot-licensing/find-drone-flight-school,6707 59 ST Edmonton Alberta T6B 3P8
Waterloo Wellington Flight Centre,sspry@wwfc.ca,519-648-2213,https://www.wwfc.ca/,,,https://tc.canada.ca/en/aviation/drone-safety/drone-pilot-licensing/find-drone-flight-school,3-4881 Fountain ST N Breslau Ontario N0B 1M0
yuldrone,yuldrone.ca@gmail.com,514-995-8744,https://www.yuldrone.ca/,,,https://tc.canada.ca/en/aviation/drone-safety/drone-pilot-licensing/find-drone-flight-school,54 Gordon Verdun Quebec H4G 2R3
Zephyr Systems Inc. DBA ‘Zephyr Tech’,training@zephyrsys.com,833-493-7497,https://zephyrsys.com/,,,https://tc.canada.ca/en/aviation/drone-safety/drone-pilot-licensing/find-drone-flight-school,133 W Michigan Ave Jackson 049201
