DATETIME,VIDEO TITLE,VIEWS
01-06-2023 09:27,Besharam Rang Song | Pathaan | Shah Rukh Kha Deepika Padukone | Vishal & Sheykhar | Shilp Kumaar,443251405
01-06-2023 09:22,Besharam Rang Song | Pathaan | Shah Rukh Kha Deepika Padukone | Vishal & Sheykhar | Shilp Kumaar,443245122
01-06-2023 09:17,Besharam Rang Song | Pathaan | Shah Rukh Kha Deepika Padukone | Vishal & Sheykhar | Shilp Kumaar,443240036
01-06-2023 09:12,Besharam Rang Song | Pathaan | Shah Rukh Kha Deepika Padukone | Vishal & Sheykhar | Shilp Kumaar,443235018
01-06-2023 09:07,Besharam Rang Song | Pathaan | Shah Rukh Kha Deepika Padukone | Vishal & Sheykhar | Shilp Kumaar,443231655
01-06-2023 09:02,Besharam Rang Song | Pathaan | Shah Rukh Kha Deepika Padukone | Vishal & Sheykhar | Shilp Kumaar,443230177
01-06-2023 08:57,Besharam Rang Song | Pathaan | Shah Rukh Kha Deepika Padukone | Vishal & Sheykhar | Shilp Kumaar,443227577
01-06-2023 08:52,Besharam Rang Song | Pathaan | Shah Rukh Kha Deepika Padukone | Vishal & Sheykhar | Shilp Kumaar,443223107
01-06-2023 08:47,Besharam Rang Song | Pathaan | Shah Rukh Kha Deepika Padukone | Vishal & Sheykhar | Shilp Kumaar,443216602
